, etot, ebond, eang, etor, evdw, ehb_cho,ehb_chn,ehb_chc, ecoul, density
0 , -1136.27463764 , -1389.10759688 , 12.68905515 , 7.79826163 , 250.95955165 , -8.87076949 , -0.52653954 , -0.5200876 , -33.56928838 , 1.9147653021835513
1 , -1136.26344899 , -1389.1236578 , 12.69547225 , 7.76597073 , 251.00291754 , -8.86560319 , -0.52979481 , -0.55224186 , -33.50734751 , 1.9126869668498772
2 , -1136.50759767 , -1387.86232362 , 11.8981861 , 8.22858524 , 250.15142277 , -9.43652723 , -0.51095858 , -0.35541902 , -34.15460485 , 1.8743994146414211
3 , -1136.27093023 , -1389.05858027 , 12.6721754 , 7.82064846 , 250.90120466 , -8.79296025 , -0.53504272 , -0.51471256 , -33.53428693 , 1.9154287020721688
4 , -1136.5021328 , -1387.90019488 , 11.90932321 , 8.22378138 , 250.18379377 , -9.39267281 , -0.49861484 , -0.35267326 , -34.17490907 , 1.873123561355334
5 , -1136.25488835 , -1389.12301139 , 12.70085947 , 7.74788099 , 251.02751397 , -8.9183612 , -0.53389864 , -0.5704558 , -33.49590413 , 1.9130383266457254
6 , -1136.27470575 , -1389.08298002 , 12.68498245 , 7.79259792 , 250.94700135 , -8.88163241 , -0.52546579 , -0.52454644 , -33.57320283 , 1.9145098046265872
7 , -1136.27439813 , -1389.07288818 , 12.67267596 , 7.88796843 , 250.84264722 , -8.71749636 , -0.54378287 , -0.4872205 , -33.56473465 , 1.9178151876172869
8 , -1136.25510979 , -1389.14877364 , 12.71854601 , 7.74005886 , 251.06519136 , -9.05553895 , -0.54017008 , -0.57621608 , -33.54670148 , 1.9135846995885841
9 , -1136.48633757 , -1389.58158142 , 12.37048102 , 8.14653759 , 251.29720738 , -8.99263326 , -0.6849503 , -0.33654285 , -33.46948746 , 1.8516550874082491
10 , -1136.30996701 , -1388.1200985 , 11.5919743 , 8.41055362 , 250.36403511 , -8.80466401 , -0.50612203 , -0.32116467 , -33.12780285 , 1.8302041634534782
11 , -1135.99110683 , -1388.76502829 , 12.01614307 , 8.94889208 , 250.43820974 , -9.16972532 , -0.62350352 , -0.30760548 , -32.70901097 , 1.8617384816236082
12 , -1136.37414848 , -1387.9189436 , 11.53949157 , 8.54301098 , 250.14213761 , -9.3239788 , -0.57496321 , -0.32625293 , -33.28726393 , 1.8535450960014301
13 , -1136.33040364 , -1389.34855025 , 12.42572194 , 8.05913459 , 251.17682556 , -9.42150773 , -0.72065446 , -0.33459658 , -33.05771193 , 1.8573058158926867
14 , -1135.99447754 , -1388.9194546 , 12.0847797 , 8.91858395 , 250.51618905 , -9.16044752 , -0.62828328 , -0.31857802 , -32.74182675 , 1.8765881771266133
15 , -1136.80086719 , -1388.10042108 , 11.69260315 , 8.47703138 , 249.94509019 , -9.14270801 , -0.59271092 , -0.29171299 , -34.24369503 , 1.8753480778828175
16 , -1136.80299775 , -1388.13654043 , 11.71639136 , 8.46949179 , 249.97935333 , -9.1134884 , -0.56777993 , -0.28970129 , -34.30946485 , 1.8739861344552269
17 , -1136.80302649 , -1388.13380965 , 11.70857066 , 8.47686652 , 249.96886738 , -9.13361437 , -0.58414242 , -0.29105713 , -34.27792768 , 1.8750176538912615
18 , -1136.8028354 , -1388.16345308 , 11.72496407 , 8.47094881 , 250.00158269 , -9.12223084 , -0.56912762 , -0.28960645 , -34.32335557 , 1.8744510972506878
19 , -1136.45284117 , -1388.5640536 , 12.15011899 , 7.99482098 , 250.41887447 , -9.24387496 , -0.45544765 , -0.81349097 , -33.40284134 , 1.9225777878918722
20 , -1136.42539552 , -1388.87420054 , 12.23712463 , 8.01603876 , 250.6764329 , -9.37624361 , -0.46692323 , -0.69961623 , -33.45665398 , 1.8989024367771339
21 , -1136.38759304 , -1388.97320618 , 12.2997522 , 7.95746245 , 250.98622449 , -8.71654996 , -0.56727252 , -0.34708073 , -33.85397912 , 1.9015589807985396
22 , -1136.66370641 , -1388.05779695 , 11.71822186 , 8.04707064 , 250.27346172 , -8.31573636 , -0.44118499 , -0.30077057 , -33.52276386 , 1.8761029946571273
23 , -1136.4524764 , -1388.54650406 , 12.14065985 , 7.99434988 , 250.4140914 , -9.27642911 , -0.45111951 , -0.81206833 , -33.4198289 , 1.9236334706299985
24 , -1136.40363794 , -1388.99601208 , 12.28865139 , 7.92301818 , 251.05028258 , -8.76867974 , -0.57139151 , -0.34610447 , -33.89378272 , 1.8998805060272261
25 , -1136.60647475 , -1388.18493566 , 11.70453345 , 8.18841861 , 250.20228985 , -8.06373689 , -0.42858901 , -0.30896032 , -33.35381573 , 1.874230220515164
26 , -1136.5646196 , -1388.09905909 , 11.67941913 , 8.24780315 , 250.02396151 , -7.71344241 , -0.43361041 , -0.30735628 , -33.13661745 , 1.870942818465588
27 , -1136.60056098 , -1388.1258997 , 11.69234073 , 8.201169 , 250.12813351 , -8.0027173 , -0.43000832 , -0.30923324 , -33.31007492 , 1.8732994830552012
28 , -1136.45153034 , -1388.54626927 , 12.14670984 , 7.99403689 , 250.40445416 , -9.24760629 , -0.45627171 , -0.81495748 , -33.38947617 , 1.9231918237731753
29 , -1136.39143495 , -1388.97545499 , 12.28956778 , 7.94775028 , 250.9999091 , -8.71226583 , -0.57055451 , -0.3477385 , -33.85141856 , 1.901639965473109
30 , -1136.63974497 , -1388.05957863 , 11.73838737 , 8.03942041 , 250.21256675 , -8.09216442 , -0.43424878 , -0.29990877 , -33.42312423 , 1.8760129714031824
31 , -1136.45593606 , -1388.57147413 , 12.13803555 , 7.99463159 , 250.44178982 , -9.26960105 , -0.45134298 , -0.82099863 , -33.43858407 , 1.9237960686461324
32 , -1136.43607341 , -1388.78306903 , 12.21025457 , 8.00921085 , 250.59524955 , -9.33115406 , -0.46585343 , -0.73796447 , -33.41521255 , 1.9058250224692836
33 , -1136.38838256 , -1388.98070907 , 12.30178904 , 7.95883282 , 250.99097629 , -8.72321235 , -0.56811572 , -0.34730205 , -33.8517906 , 1.9025684400583853
34 , -1136.60032384 , -1388.12103457 , 11.6938292 , 8.20853631 , 250.11431951 , -7.92599676 , -0.43189325 , -0.30600836 , -33.30099769 , 1.875292409769112
35 , -1136.44618228 , -1388.59537664 , 12.15952778 , 7.99454639 , 250.44094267 , -9.24998102 , -0.45608248 , -0.79652805 , -33.37399176 , 1.9219721149009554
36 , -1136.42922629 , -1388.99168622 , 12.29362642 , 7.89225157 , 251.11052538 , -8.89934978 , -0.58290744 , -0.33758202 , -33.91775882 , 1.8973211115952031
37 , -1136.41863138 , -1389.00645292 , 12.29781886 , 7.90957245 , 251.08812128 , -8.83520102 , -0.58217325 , -0.34135167 , -33.90549967 , 1.8990419772240281
38 , -1136.37896491 , -1389.04960735 , 12.32840401 , 7.98298076 , 251.02934107 , -8.73172696 , -0.5760113 , -0.34565509 , -33.83475503 , 1.9037958268586137
39 , -1136.36665217 , -1389.04639712 , 12.33777299 , 7.99953944 , 251.0087828 , -8.69921254 , -0.5775697 , -0.3449722 , -33.82373715 , 1.9017605717335255
40 , -1136.45852936 , -1389.09681689 , 12.34534166 , 7.82720347 , 251.25549336 , -9.09799953 , -0.55777042 , -0.33448512 , -34.07643026 , 1.8779541851669082
41 , -1136.31737635 , -1388.80998164 , 12.1479208 , 7.96185318 , 250.64102665 , -8.74998735 , -0.47447112 , -0.57322249 , -32.81135815 , 1.9023256587595185
42 , -1136.66819879 , -1389.65956642 , 12.36990902 , 8.193243 , 250.65835196 , -8.77017882 , -0.49254504 , -0.74160028 , -32.89967694 , 1.9510058435140043
43 , -1136.45281869 , -1388.51423569 , 12.13403594 , 7.99374702 , 250.39127007 , -9.28173119 , -0.45026089 , -0.81458024 , -33.43414993 , 1.9235157077502267
44 , -1136.80351282 , -1388.14703764 , 11.72311764 , 8.47304916 , 249.98894227 , -9.16087729 , -0.5853108 , -0.29065858 , -34.32871827 , 1.8770370956962081
45 , -1136.79643489 , -1388.1848018 , 11.73523742 , 8.4511923 , 250.04790931 , -9.06180225 , -0.52140669 , -0.28695651 , -34.36760518 , 1.8680400734930611
46 , -1136.80303366 , -1388.13115558 , 11.7158001 , 8.47594607 , 249.9726277 , -9.17409413 , -0.59867806 , -0.29149204 , -34.29848927 , 1.8778676746165683
47 , -1136.24686323 , -1389.69207316 , 12.78669998 , 8.05794196 , 251.12306412 , -9.38949125 , -0.57223465 , -0.59110942 , -33.20986404 , 1.930483173446278
48 , -1136.7971161 , -1388.16026297 , 11.73163531 , 8.47634941 , 250.00316054 , -9.19024562 , -0.59651628 , -0.29098546 , -34.32740198 , 1.8790724386790445
49 , -1136.75190763 , -1388.06112098 , 11.67042296 , 8.38939103 , 250.04828936 , -8.77112177 , -0.44303989 , -0.29152123 , -34.17685669 , 1.8507476719865712
50 , -1136.58676673 , -1387.44882723 , 11.53515761 , 8.21757916 , 249.85017189 , -9.52776425 , -0.45415121 , -0.30905975 , -33.92463514 , 1.855270663505216
51 , -1136.74038667 , -1387.98526591 , 11.63249696 , 8.42219026 , 249.94516597 , -8.77494772 , -0.44984111 , -0.30829715 , -33.99432801 , 1.8637888970773095
52 , -1136.58624748 , -1387.45481773 , 11.53707167 , 8.22108895 , 249.85242556 , -9.52598966 , -0.45336354 , -0.3084838 , -33.93344653 , 1.8544642492499124
53 , -1136.32186973 , -1389.54759807 , 12.83357158 , 8.02499689 , 251.0878538 , -9.07730532 , -0.57061611 , -0.8333249 , -34.09554051 , 1.9056987991195284
54 , -1136.23324989 , -1389.70811601 , 12.77915539 , 8.07938726 , 251.1319074 , -9.29514179 , -0.56375555 , -0.55153147 , -33.18291732 , 1.9257706300154769
55 , -1136.78047396 , -1388.19177403 , 11.74101077 , 8.41448973 , 250.10753174 , -8.98701581 , -0.46532244 , -0.28445669 , -34.37637634 , 1.8560151085948762
56 , -1136.28267254 , -1388.79474305 , 12.11486367 , 7.89605317 , 250.54243195 , -8.20405888 , -0.48866929 , -1.69676567 , -32.48101557 , 1.9420438733416094
57 , -1136.33522331 , -1389.4747647 , 12.58224052 , 7.94071903 , 251.00442256 , -9.31552178 , -0.62171622 , -1.40900346 , -33.19474914 , 1.930740612664077
58 , -1136.28952407 , -1389.62398512 , 12.44716389 , 8.07311534 , 251.1426337 , -9.21872479 , -0.79327854 , -0.3741758 , -31.94088895 , 1.8728423611644818
59 , -1136.33696616 , -1389.45245634 , 12.57432286 , 7.93953485 , 250.98643666 , -9.30892881 , -0.61940667 , -1.40530257 , -33.18969501 , 1.9303891760211895
60 , -1136.27644927 , -1388.74236655 , 12.12215044 , 7.87497422 , 250.51891557 , -8.12527987 , -0.50859874 , -1.46998216 , -32.41454349 , 1.9382319713984488
61 , -1136.24704814 , -1388.73272825 , 12.25369475 , 7.75840591 , 250.45409043 , -7.26264856 , -0.48838574 , -0.86300888 , -32.25611904 , 1.9163158195813486
62 , -1136.33594405 , -1389.5038721 , 12.5847418 , 7.94259678 , 251.02800327 , -9.31417473 , -0.62177034 , -1.40671193 , -33.19529641 , 1.9309097749934974
63 , -1136.27802029 , -1388.81304336 , 12.11236276 , 7.90307195 , 250.57550417 , -8.33930375 , -0.49480519 , -1.78453564 , -32.53359845 , 1.9422378034177898
64 , -1136.28741711 , -1388.70401187 , 12.12463084 , 7.86479177 , 250.4946459 , -8.02010756 , -0.49223449 , -1.26687176 , -32.43860742 , 1.934727774572321
65 , -1136.12844704 , -1388.02769423 , 11.90377355 , 8.65977563 , 249.90446542 , -9.35193075 , -0.60028024 , -0.47521674 , -33.55606738 , 1.911540598262621
66 , -1136.33784002 , -1389.44681604 , 12.56983606 , 7.93910968 , 250.9818323 , -9.30121052 , -0.61765474 , -1.40146271 , -33.1853006 , 1.9300357264746197
67 , -1136.25994559 , -1389.671089 , 12.46651805 , 8.12538106 , 251.16335335 , -9.35226835 , -0.86115947 , -0.39580857 , -31.83796657 , 1.8831087617621638
68 , -1135.77026751 , -1388.11267892 , 11.85990994 , 8.17739294 , 250.34350582 , -7.49135886 , -0.78980989 , -0.45889456 , -32.06276704 , 1.8126599583666714
69 , -1135.83411975 , -1389.56112391 , 12.63797222 , 8.06623026 , 250.92362907 , -8.54191644 , -0.77309819 , -0.95081203 , -32.01138262 , 1.9093880018312681
70 , -1136.28418746 , -1388.68752563 , 12.15366332 , 7.85190368 , 250.45070004 , -7.75778865 , -0.45101589 , -1.33043282 , -32.66697246 , 1.937234412778471
71 , -1136.03492841 , -1387.98103869 , 11.75261211 , 8.15872637 , 250.12972918 , -7.66424775 , -0.47158002 , -0.41645791 , -32.75577245 , 1.8660021164769731
72 , -1135.83129512 , -1388.19869909 , 11.8689075 , 8.31024146 , 250.38410945 , -7.69695104 , -0.68592589 , -0.39698257 , -32.56499024 , 1.8095099259387544
73 , -1136.07548458 , -1388.9688812 , 12.21329778 , 7.82518023 , 250.6241951 , -6.93806285 , -0.44685999 , -1.41575468 , -32.08506963 , 1.8942097524866306
74 , -1136.28636569 , -1388.706636 , 12.1241464 , 7.85933793 , 250.46677016 , -7.99732769 , -0.49954517 , -1.36940441 , -32.34894836 , 1.9384748247642432
75 , -1135.84598054 , -1389.51100962 , 12.6319985 , 8.09324799 , 250.81930682 , -8.31772051 , -0.6957102 , -0.99768198 , -32.16117226 , 1.9127164195941355
76 , -1136.73575129 , -1387.96181417 , 11.61708366 , 8.44327832 , 249.90485226 , -8.83302307 , -0.45890569 , -0.3162437 , -33.94593092 , 1.8704847911300462
77 , -1136.28679106 , -1388.73310914 , 12.12064651 , 7.86956808 , 250.48009018 , -7.98910444 , -0.49140396 , -1.45109087 , -32.36880303 , 1.9398589435843039
78 , -1136.33530312 , -1389.46738512 , 12.58072877 , 7.94132576 , 250.99785268 , -9.31329986 , -0.62270357 , -1.40506796 , -33.19588127 , 1.930944628087522
79 , -1136.2805234 , -1388.73429631 , 12.20308995 , 7.83121517 , 250.43319966 , -7.38720198 , -0.45856252 , -1.06949864 , -32.52345282 , 1.9269778106141393
80 , -1136.75651522 , -1389.01118399 , 12.51187271 , 7.9685543 , 250.75960404 , -9.28087078 , -0.55254961 , -0.34055499 , -34.1987753 , 1.9503432843258655
81 , -1136.72993686 , -1388.38545394 , 11.88843328 , 8.25586506 , 250.52896286 , -9.75451682 , -0.5408537 , -0.31873715 , -34.17545127 , 1.926538481297249
82 , -1136.73049597 , -1388.38772881 , 11.89031316 , 8.25558577 , 250.52955437 , -9.76034188 , -0.54141363 , -0.31897944 , -34.17170255 , 1.9268444546508081
83 , -1136.73112693 , -1388.3811018 , 11.8835975 , 8.24844205 , 250.53483066 , -9.77451596 , -0.5424008 , -0.31993798 , -34.15685216 , 1.927553343311884
84 , -1136.75586932 , -1389.0126005 , 12.50918683 , 7.9673464 , 250.75431426 , -9.21274457 , -0.53776014 , -0.33782887 , -34.19977914 , 1.947610732424463
85 , -1136.73089744 , -1388.37349462 , 11.87692142 , 8.23115883 , 250.5441581 , -9.75613431 , -0.5430149 , -0.32158246 , -34.14709396 , 1.928254727397768
86 , -1136.73069364 , -1388.38515681 , 11.88969357 , 8.25485117 , 250.52783463 , -9.76112738 , -0.54152746 , -0.31914639 , -34.17015418 , 1.9269708926256566
87 , -1136.72921182 , -1388.39821998 , 11.89481664 , 8.26178574 , 250.53156105 , -9.75815258 , -0.54113286 , -0.31841349 , -34.17447524 , 1.9265299639566917
88 , -1136.73088924 , -1388.387425 , 11.88808492 , 8.25281644 , 250.53339376 , -9.76015954 , -0.54154991 , -0.31923971 , -34.17170266 , 1.9270180736015936
89 , -1136.75587576 , -1389.00961271 , 12.50909236 , 7.96672958 , 250.75298217 , -9.21430319 , -0.53785864 , -0.33788947 , -34.20283981 , 1.9477079672233395
90 , -1136.75671658 , -1389.01282464 , 12.51108891 , 7.96885887 , 250.75839879 , -9.2693346 , -0.54856096 , -0.34019853 , -34.19686994 , 1.9497173470991074
91 , -1136.75641833 , -1389.01049253 , 12.51014732 , 7.96907912 , 250.75876776 , -9.27982035 , -0.55109452 , -0.34066278 , -34.19621167 , 1.950152345756242
92 , -1136.72821653 , -1388.36494218 , 11.8736377 , 8.22935094 , 250.54056672 , -9.76638731 , -0.54378795 , -0.32233196 , -34.11812548 , 1.9284951901802079
93 , -1136.72764232 , -1388.37115635 , 11.88172717 , 8.22655872 , 250.54204906 , -9.75954028 , -0.54477427 , -0.32264623 , -34.12327799 , 1.9290702914473008
94 , -1136.72895191 , -1388.39971258 , 11.89767621 , 8.2626462 , 250.52891361 , -9.75106514 , -0.54103952 , -0.31827235 , -34.17606825 , 1.9264331221149567
95 , -1136.72652628 , -1388.38075775 , 11.88517216 , 8.22772543 , 250.54779555 , -9.76203329 , -0.54540747 , -0.32258591 , -34.11559803 , 1.9292635527462743
96 , -1136.72873745 , -1388.99701653 , 12.51481856 , 7.96661781 , 250.77084627 , -9.36794069 , -0.58847942 , -0.34774489 , -34.13011564 , 1.9548258022968208
97 , -1136.2751134 , -1388.72659829 , 12.16114227 , 7.8547798 , 250.4680245 , -7.89724425 , -0.50445738 , -1.22907197 , -32.31137546 , 1.9324052718099824
98 , -1136.65204637 , -1387.71033554 , 11.35253757 , 8.47020513 , 249.90900836 , -8.91590097 , -0.51071635 , -0.29259395 , -32.78216767 , 1.874044692447113
99 , -1135.76835781 , -1388.47360164 , 12.28323901 , 8.04627144 , 250.6584325 , -7.79219189 , -0.43150435 , -0.44112964 , -33.09050009 , 1.8132975481343112
100 , -1136.47573348 , -1389.38861707 , 12.44244748 , 7.98757839 , 251.15796696 , -8.76280643 , -0.45582908 , -0.33720775 , -33.53969995 , 1.8452185962888497
101 , -1136.35183133 , -1389.87695282 , 12.67188778 , 7.85141752 , 251.42834672 , -8.79408492 , -0.39821677 , -0.32955906 , -33.07236638 , 1.9218613812329863
102 , -1136.72664144 , -1388.36694729 , 11.89164605 , 8.20783791 , 250.54137076 , -9.74201162 , -0.54056045 , -0.32253896 , -34.0963295 , 1.9306610248716503
103 , -1136.75284989 , -1389.01696382 , 12.51318 , 7.96957672 , 250.77060025 , -9.32299899 , -0.56204237 , -0.34265882 , -34.18812466 , 1.9519526817553234
104 , -1136.756301 , -1389.01176913 , 12.51205573 , 7.96818043 , 250.76155123 , -9.28418709 , -0.55374092 , -0.3408822 , -34.20047961 , 1.950578053637053
105 , -1136.26001443 , -1388.76819791 , 12.15087836 , 7.86579231 , 250.52956946 , -8.08738921 , -0.51986335 , -1.41763268 , -32.35359352 , 1.935936245323737
106 , -1136.30202627 , -1387.88092975 , 11.62859126 , 7.94281688 , 249.8944998 , -7.34371775 , -0.44283358 , -1.07260461 , -31.94490612 , 1.8931774750435624
107 , -1136.7569504 , -1389.01515456 , 12.51186069 , 7.9677675 , 250.76337898 , -9.26994684 , -0.55059177 , -0.34016772 , -34.20368191 , 1.9500128022232441
108 , -1136.74343969 , -1389.02683214 , 12.52056933 , 7.98561469 , 250.77566247 , -9.39468631 , -0.58031478 , -0.34433579 , -34.17356189 , 1.9546428375801856
109 , -1136.73010087 , -1388.40393378 , 11.91142707 , 8.25750291 , 250.52639047 , -9.76447446 , -0.54390648 , -0.31943779 , -34.17684836 , 1.9282195256541492
110 , -1136.75699522 , -1389.01487587 , 12.51120549 , 7.96803573 , 250.75884652 , -9.25122066 , -0.5443964 , -0.33958055 , -34.20030916 , 1.9492216022815345
111 , -1136.87528923 , -1388.35692059 , 11.65102235 , 8.28790165 , 250.39050447 , -9.23569433 , -0.59468655 , -0.41528701 , -33.80536668 , 1.8820657309273505
112 , -1136.27761514 , -1388.69456108 , 12.14119203 , 7.85346968 , 250.48826497 , -8.13049994 , -0.48742099 , -1.46950974 , -32.52431937 , 1.9424066462615341
113 , -1136.87118241 , -1388.37700839 , 11.65900068 , 8.28308861 , 250.40640043 , -9.22635272 , -0.59304099 , -0.4173924 , -33.791057 , 1.883767228964145
114 , -1136.8726985 , -1388.36830079 , 11.65557672 , 8.28611908 , 250.39956848 , -9.22721553 , -0.59469593 , -0.41636789 , -33.79990193 , 1.8830571470206974
115 , -1136.8754546 , -1388.35337393 , 11.65101917 , 8.28204314 , 250.39292978 , -9.25123042 , -0.59207981 , -0.41505772 , -33.80024449 , 1.882073817356391
116 , -1136.8677531 , -1388.39578713 , 11.66783578 , 8.28322584 , 250.41918379 , -9.22525216 , -0.59300125 , -0.41729568 , -33.79160021 , 1.8834984907679462
117 , -1136.87598786 , -1388.34997477 , 11.64775331 , 8.28782466 , 250.38566027 , -9.23580986 , -0.59403807 , -0.41559419 , -33.80368993 , 1.8818949792352397
118 , -1136.87507574 , -1388.3618506 , 11.65391824 , 8.28490476 , 250.39661262 , -9.24751966 , -0.59290091 , -0.41466695 , -33.80502018 , 1.881687133299793
119 , -1136.25758025 , -1388.70255226 , 12.20868054 , 7.8067857 , 250.44072198 , -7.49786592 , -0.47763462 , -1.2303642 , -32.53913267 , 1.934476985177113
120 , -1136.87560786 , -1388.35153749 , 11.6486632 , 8.28721687 , 250.38660447 , -9.23104304 , -0.59529422 , -0.4159638 , -33.80102829 , 1.8826374818313125
121 , -1136.87378715 , -1388.36719859 , 11.65633975 , 8.28052051 , 250.40622344 , -9.26128467 , -0.59158931 , -0.41356509 , -33.80411518 , 1.8817092360810193
122 , -1136.27422463 , -1388.71756353 , 12.22540948 , 7.8184738 , 250.41808935 , -7.3583228 , -0.46354368 , -1.00678143 , -32.50069898 , 1.9236508145127995
123 , -1136.69353263 , -1387.61848712 , 11.5317389 , 8.04840105 , 249.83188851 , -8.23176244 , -0.52526885 , -0.36682599 , -32.87440163 , 1.8873153125041693
124 , -1136.8744402 , -1388.38246278 , 11.65430764 , 8.28062675 , 250.41990297 , -9.24846644 , -0.59183216 , -0.41622926 , -33.79549295 , 1.8831480671720593
125 , -1136.87597223 , -1388.33748915 , 11.64354817 , 8.28613507 , 250.37944235 , -9.24142054 , -0.59378705 , -0.41461171 , -33.80274222 , 1.8813548724514388
126 , -1136.87580004 , -1388.35134064 , 11.64867022 , 8.28812834 , 250.38198201 , -9.22143488 , -0.5930788 , -0.41366616 , -33.79616306 , 1.880660724194914
127 , -1136.87199519 , -1388.38263658 , 11.66113231 , 8.28475738 , 250.40998246 , -9.23516761 , -0.5924807 , -0.41707806 , -33.7980266 , 1.8823001757370583
128 , -1136.21253244 , -1388.67572945 , 12.26557498 , 7.75607551 , 250.42933207 , -7.28512531 , -0.4979372 , -1.05669307 , -32.40390777 , 1.9177795176641221
129 , -1136.56396714 , -1387.37094234 , 11.47612512 , 7.96901906 , 249.67539899 , -7.78735898 , -0.4934876 , -0.46631343 , -32.56094969 , 1.8735067692465648
130 , -1136.60004068 , -1387.79806632 , 11.59103511 , 8.00198862 , 250.01940632 , -8.04776398 , -0.53641152 , -0.38465333 , -32.87178556 , 1.8646305086783062
131 , -1136.70758222 , -1387.80074441 , 11.58927501 , 8.0739119 , 249.99460422 , -8.49750082 , -0.53906103 , -0.36165476 , -32.99522817 , 1.8886282382327306
132 , -1136.69295051 , -1387.87090383 , 11.62396016 , 8.09203633 , 250.05835806 , -8.58093611 , -0.54303346 , -0.35594656 , -33.09324662 , 1.8868387594278322
133 , -1136.25579055 , -1388.70655021 , 12.19464083 , 7.8584226 , 250.49569579 , -7.68339862 , -0.4759653 , -1.07286247 , -32.77108437 , 1.9207841539694144
134 , -1136.47120558 , -1389.42530631 , 12.46368619 , 7.98650059 , 251.18109363 , -8.77156758 , -0.460306 , -0.340264 , -33.53061708 , 1.8479090052168827
135 , -1136.46841314 , -1389.16784109 , 12.37403105 , 8.0131581 , 250.82542319 , -8.22189908 , -0.45443925 , -0.3287455 , -33.31417734 , 1.860156655878795
136 , -1136.43248726 , -1389.13678909 , 12.36201904 , 8.09831682 , 250.74147976 , -8.27721137 , -0.45374301 , -0.32631919 , -33.31351526 , 1.8589312657996295
137 , -1135.92562912 , -1389.60893779 , 12.54349718 , 8.08735284 , 251.4184296 , -7.58115847 , -0.45734151 , -0.61212408 , -33.2162069 , 1.8005582035701615
138 , -1135.90909494 , -1389.62125413 , 12.55495756 , 8.08327998 , 251.42445845 , -7.52667422 , -0.4575245 , -0.62710994 , -33.14949156 , 1.8011332543711491
139 , -1136.33486343 , -1389.46520134 , 12.58232331 , 7.93886725 , 250.99692662 , -9.31760987 , -0.62021686 , -1.41262498 , -33.19363863 , 1.9304656415843098
140 , -1136.32664421 , -1389.46719959 , 12.60382121 , 7.94232443 , 250.98991306 , -9.32425197 , -0.62986158 , -1.40465243 , -33.20666488 , 1.9317742950868504
141 , -1136.22653528 , -1389.66261665 , 12.78210609 , 7.92878904 , 251.21797868 , -9.39790544 , -0.61587067 , -0.63378571 , -33.08037699 , 1.9386391390681605
142 , -1136.32947132 , -1389.49946328 , 12.59163154 , 7.94238731 , 251.02101918 , -9.30045508 , -0.61961498 , -1.42346242 , -33.19351557 , 1.9295893079562632
143 , -1136.24490833 , -1389.69214189 , 12.79693128 , 8.03867467 , 251.12308107 , -9.39884843 , -0.5815809 , -0.61167509 , -33.1923896 , 1.9318585534784494
144 , -1136.33082771 , -1389.49432247 , 12.59646542 , 7.94256643 , 251.01775811 , -9.32586235 , -0.62626322 , -1.41415134 , -33.20335494 , 1.9313399506792632
145 , -1136.14020139 , -1388.52249304 , 12.05287934 , 8.31368404 , 250.50988309 , -9.05003165 , -0.59367171 , -0.38831965 , -32.89480803 , 1.8841532311284819
146 , -1136.25718686 , -1388.26534207 , 11.91665454 , 8.40182511 , 250.44177594 , -9.78354197 , -0.68751891 , -0.3597388 , -33.24805707 , 1.875284600462421
147 , -1136.58411677 , -1387.74603935 , 11.26288013 , 8.47576814 , 249.89318409 , -8.77414057 , -0.47597714 , -0.33544762 , -31.944071 , 1.8762664418778352
148 , -1136.16242262 , -1387.33424503 , 11.17855654 , 8.60773501 , 249.40631563 , -7.89024829 , -0.53752608 , -0.27712035 , -30.54612537 , 1.8592355369118843
149 , -1136.7570542 , -1389.00888452 , 12.51057785 , 7.96789764 , 250.75464589 , -9.25549569 , -0.54597985 , -0.33957361 , -34.20105258 , 1.9492762136953568
150 , -1136.26945648 , -1388.73052239 , 12.16497607 , 7.83212502 , 250.45449363 , -7.80537488 , -0.50207701 , -1.26972181 , -32.20610556 , 1.9373689314329818
151 , -1136.7289894 , -1388.47849144 , 11.9410082 , 8.24672419 , 250.58281138 , -9.76124737 , -0.54808317 , -0.32100904 , -34.17401341 , 1.9310344757273838
152 , -1136.73473287 , -1389.23996884 , 12.15812635 , 7.92822521 , 250.9492602 , -8.7837054 , -0.44912306 , -0.30393996 , -33.43728792 , 1.8845464455503482
153 , -1136.15420759 , -1388.02029679 , 11.82721906 , 8.24389692 , 250.12047803 , -8.66325292 , -0.5604245 , -0.3537604 , -32.20616125 , 1.9014193909212318
154 , -1136.47749113 , -1389.38468943 , 12.44234201 , 7.98483389 , 251.15605533 , -8.76520383 , -0.4550569 , -0.33350616 , -33.54637753 , 1.845326233181302
155 , -1136.3539406 , -1389.84315931 , 12.69336213 , 7.83007176 , 251.38232031 , -8.6080666 , -0.39785634 , -0.33541365 , -33.11469816 , 1.9233219921369766
156 , -1136.29068721 , -1388.72432351 , 12.13726583 , 7.85905052 , 250.47459055 , -7.84771673 , -0.48925625 , -1.19649074 , -32.34545097 , 1.932041769007961
157 , -1136.11016335 , -1389.58937605 , 12.88906642 , 8.01238405 , 251.2937973 , -8.94943131 , -0.53373128 , -0.34466491 , -34.15491321 , 1.8836864058136427
158 , -1136.74729523 , -1388.97606803 , 12.5103073 , 7.97588309 , 250.68866641 , -9.06363279 , -0.51839744 , -0.33856997 , -34.18862056 , 1.945947696322643
159 , -1136.72415927 , -1388.32031454 , 11.85663645 , 8.18580855 , 250.53715889 , -9.7124536 , -0.53721098 , -0.32462426 , -34.04718931 , 1.9298607762990723
160 , -1136.74647731 , -1389.01528633 , 12.51725484 , 7.97679692 , 250.72319009 , -9.06203715 , -0.51809714 , -0.33779106 , -34.18951618 , 1.9461181975789354
161 , -1136.74253996 , -1388.99532857 , 12.50597698 , 7.97888065 , 250.72200637 , -9.06745621 , -0.52441159 , -0.33899905 , -34.22305551 , 1.9458204914235642
162 , -1136.75611334 , -1389.01355478 , 12.50931456 , 7.96674587 , 250.75607912 , -9.22272263 , -0.53853057 , -0.33849164 , -34.19804159 , 1.9479833523941232
163 , -1136.2962842 , -1389.28244228 , 12.44150481 , 8.01467831 , 251.23558378 , -9.42241731 , -0.57342445 , -0.35325257 , -33.46940363 , 1.900039422798721
164 , -1136.92660948 , -1388.52814247 , 11.87942904 , 8.33108116 , 250.35147468 , -9.51686335 , -0.45078176 , -0.3504414 , -34.10005178 , 1.9029386403769233
165 , -1136.86229923 , -1387.93620782 , 11.75609887 , 8.04576999 , 250.14765833 , -8.8914525 , -0.46954277 , -0.33154026 , -34.18156797 , 1.8883973626062938
166 , -1136.76775883 , -1388.26769084 , 11.72848607 , 8.2419927 , 250.09217068 , -8.01722044 , -0.43131848 , -0.29878346 , -33.38332464 , 1.8992440177236756
167 , -1136.64468208 , -1388.05153155 , 11.67124403 , 8.10484938 , 250.03071446 , -7.84250759 , -0.46105325 , -0.32386973 , -32.68672067 , 1.9084458269001967
168 , -1136.86185338 , -1387.92435153 , 11.75458853 , 8.04583089 , 250.13404654 , -8.87200234 , -0.46888128 , -0.33198384 , -34.17461411 , 1.888044637536194
169 , -1136.73686171 , -1388.21136072 , 11.71761692 , 8.18284771 , 250.09318097 , -7.93535179 , -0.43550839 , -0.30127763 , -33.22670196 , 1.8994344169808408
170 , -1136.27121884 , -1389.53891615 , 12.53025035 , 7.92835878 , 251.06003583 , -8.00846537 , -0.48712404 , -0.36280515 , -32.70675217 , 1.9174002835662975
171 , -1136.04447397 , -1387.41499228 , 11.37652747 , 8.39439757 , 249.54498968 , -8.04597524 , -0.56950612 , -0.45350158 , -31.33118477 , 1.8811483755637208
172 , -1136.60223898 , -1388.05042316 , 11.82927703 , 8.0109218 , 250.28609284 , -8.59675557 , -0.43578661 , -0.35022513 , -33.81127487 , 1.870921562174028
173 , -1136.6362558 , -1387.99204891 , 11.66376168 , 8.08705206 , 249.99104405 , -7.81915088 , -0.4642104 , -0.32643392 , -32.6268614 , 1.9077935644120962
174 , -1136.61567734 , -1388.04545608 , 11.67023026 , 8.07461197 , 250.0393444 , -7.80576306 , -0.47364955 , -0.34329856 , -32.48349746 , 1.911523811158852
175 , -1136.26132877 , -1389.64129741 , 12.68445484 , 7.95181377 , 251.21286947 , -8.43923608 , -0.49064788 , -0.41257284 , -33.15573928 , 1.9170692248610557
176 , -1136.69458346 , -1387.51561802 , 11.25877569 , 8.2465666 , 250.22725918 , -9.84662967 , -0.45053586 , -0.333624 , -33.69960548 , 1.8801014886970493
177 , -1136.69643418 , -1387.4004661 , 11.2599154 , 8.24959538 , 250.10332797 , -9.80182549 , -0.45159033 , -0.33585817 , -33.70198705 , 1.8793670260117767
178 , -1136.78807113 , -1388.32530109 , 11.75120198 , 8.27239868 , 250.11011763 , -8.17119647 , -0.42762046 , -0.30448695 , -33.43643707 , 1.8938767050237697
179 , -1135.44157805 , -1389.48275448 , 12.70573499 , 8.4878619 , 250.94766184 , -7.35762227 , -0.45628898 , -0.32978083 , -32.4358594 , 1.7785476985141058
180 , -1136.08186135 , -1389.50311394 , 12.3653041 , 8.20446452 , 251.39852735 , -9.50874204 , -0.55739123 , -0.44614024 , -33.46065654 , 1.7916927672166556
181 , -1136.05418679 , -1388.46250557 , 11.92688872 , 8.47371938 , 250.22208725 , -8.35502278 , -0.6178272 , -0.32512286 , -32.02328448 , 1.8565629485829656
182 , -1135.24487878 , -1389.779951 , 12.72051504 , 8.44507928 , 251.45516006 , -8.43197167 , -0.49065817 , -0.82137511 , -32.52265689 , 1.7646717093601731
183 , -1136.3852846 , -1389.15782798 , 12.14920028 , 8.09340345 , 250.94984584 , -8.49459013 , -0.46813723 , -0.36897513 , -32.89816191 , 1.8286456041352308
184 , -1136.24394767 , -1388.96991135 , 12.42522245 , 7.99592751 , 250.88999962 , -8.97850191 , -0.56813657 , -0.52991983 , -33.22297598 , 1.8674855600234685
185 , -1135.91418908 , -1387.78954547 , 11.52995863 , 8.30038376 , 250.09419582 , -8.64337028 , -0.52772708 , -0.45284568 , -32.05707608 , 1.8194243262287213
186 , -1135.9822053 , -1389.21893723 , 12.58642077 , 8.15699137 , 251.02105322 , -8.63284167 , -0.47730286 , -0.34530063 , -34.21279504 , 1.8308110759973317
187 , -1136.24388819 , -1389.21447723 , 12.49835472 , 7.74583619 , 251.47115718 , -9.49479876 , -0.58373187 , -0.30300384 , -33.57216761 , 1.814751052055645
188 , -1135.79002345 , -1389.21517436 , 12.51126582 , 8.01158944 , 250.78885288 , -7.38282664 , -0.50238982 , -1.85903104 , -32.28148187 , 1.888674350332442
189 , -1136.25416538 , -1389.62785212 , 12.68501319 , 7.98143539 , 251.13018998 , -8.34812325 , -0.4945013 , -0.40629644 , -33.04950651 , 1.9165528875844988
190 , -1136.8620283 , -1387.93557027 , 11.75706946 , 8.04637343 , 250.14448086 , -8.88356279 , -0.46958784 , -0.3320167 , -34.17858349 , 1.8883485622573917
191 , -1135.5488483 , -1388.87022043 , 12.33447446 , 7.9614608 , 250.94169864 , -7.68008386 , -0.72059842 , -0.4142279 , -31.44120768 , 1.7946073795081199
192 , -1136.7756437 , -1388.17565392 , 11.88742792 , 8.12314851 , 250.11254218 , -8.22652404 , -0.51489606 , -0.29930999 , -33.85792856 , 1.881173834487099
193 , -1135.66118117 , -1389.30801829 , 12.48843056 , 8.09882411 , 251.20536243 , -8.264079 , -0.62351649 , -0.42494994 , -32.09594345 , 1.802326047849548
194 , -1135.53978885 , -1388.9368482 , 12.36534117 , 7.94147396 , 250.98201505 , -7.55301526 , -0.66263922 , -0.41618426 , -31.45089824 , 1.7937873373533184
195 , -1136.16507678 , -1388.15873646 , 11.64065097 , 8.58857451 , 250.05947706 , -8.77039036 , -0.59680779 , -0.32000528 , -32.70778915 , 1.8945986253352585
196 , -1136.65038841 , -1388.33599766 , 11.65586064 , 8.2105947 , 250.05121196 , -7.61144996 , -0.47682712 , -0.45731952 , -31.94446294 , 1.9191521288284885
197 , -1136.68205942 , -1388.16694348 , 11.69854142 , 8.20334 , 250.05859058 , -7.9272052 , -0.44728207 , -0.31070218 , -33.02564385 , 1.906408192399777
198 , -1136.28024094 , -1389.52862875 , 12.39790567 , 8.05829729 , 251.05633872 , -8.59574946 , -0.48383331 , -0.34312057 , -32.94756958 , 1.8891007485527715
199 , -1136.32177885 , -1387.52826443 , 11.53333442 , 8.08073596 , 249.94724477 , -9.23943737 , -0.50963451 , -0.38367081 , -33.3460117 , 1.8670337841489932
200 , -1136.0910475 , -1388.06126436 , 11.9288067 , 8.41139929 , 250.26154797 , -8.41304528 , -0.45269082 , -0.29200536 , -33.44862159 , 1.847559535687714
201 , -1135.40922962 , -1389.01560815 , 12.39396017 , 8.26104094 , 251.05587532 , -7.72797876 , -0.43272385 , -0.32658517 , -32.64593718 , 1.7989826621325729
202 , -1136.37777937 , -1388.77352581 , 12.38128544 , 7.93196317 , 250.61349596 , -8.25877003 , -0.52252509 , -0.31311698 , -33.37146526 , 1.8512227496128857
203 , -1136.1275798 , -1388.53188064 , 11.8149031 , 8.26833163 , 250.65099013 , -8.05285934 , -0.46569737 , -0.31268203 , -32.83569238 , 1.8230208629558264
204 , -1136.07253112 , -1388.78129347 , 11.84548839 , 8.54887412 , 250.55918791 , -8.47025741 , -0.4977862 , -0.32443051 , -32.24469191 , 1.8307718685854577
205 , -1135.52319385 , -1388.78804198 , 12.19061087 , 8.15637987 , 250.68051442 , -7.39136341 , -0.51805098 , -0.94439339 , -32.31412775 , 1.8239652539482365
206 , -1135.85633562 , -1389.65769302 , 12.3488594 , 8.14381373 , 250.99898005 , -8.07930847 , -0.51824814 , -1.48996543 , -32.33999902 , 1.9062679495416297
207 , -1136.1112827 , -1389.72379174 , 12.72124736 , 8.12138634 , 251.37074435 , -9.65797699 , -0.52281881 , -0.32899319 , -33.5065688 , 1.8312629334171566
208 , -1136.16014139 , -1387.99554809 , 11.54473052 , 8.60252437 , 250.21612641 , -9.37570589 , -0.67671487 , -1.04175896 , -32.66811841 , 1.8515864387669767
209 , -1136.07413206 , -1387.89647291 , 11.79324158 , 8.07404526 , 250.06247505 , -8.58364154 , -0.44538428 , -0.55065521 , -33.02105692 , 1.8453501352355184
210 , -1135.8252844 , -1389.25382522 , 12.54840885 , 8.22293634 , 251.03147186 , -8.51156344 , -0.46462333 , -0.30772554 , -33.50759604 , 1.8017866559060638
211 , -1135.79795671 , -1391.27765278 , 13.68010584 , 8.0944907 , 251.94341963 , -7.85892934 , -0.48023559 , -0.49765579 , -33.118577 , 1.853327377746861
212 , -1135.07190981 , -1390.89455485 , 13.58723421 , 8.10530891 , 251.91270689 , -7.65124388 , -0.52784337 , -1.46981947 , -32.69819447 , 1.8343265312928927
213 , -1136.07924493 , -1389.30034567 , 12.47875974 , 8.04710543 , 251.01656844 , -8.28960578 , -0.4365261 , -0.51164058 , -33.60992313 , 1.8590867701508176
214 , -1135.60937649 , -1389.48704782 , 12.59842604 , 8.05505711 , 251.35387202 , -8.50145489 , -0.67427034 , -0.52034766 , -32.95836473 , 1.8053056467367394
215 , -1135.73793898 , -1389.4680634 , 12.42740271 , 8.27906862 , 251.28396723 , -8.10372302 , -0.47121253 , -0.39098126 , -33.31200402 , 1.8072217157844674
216 , -1136.01950451 , -1388.06373802 , 11.86656809 , 8.18965044 , 250.09915585 , -7.51060394 , -0.55486187 , -0.29416436 , -32.36554941 , 1.8277899486448457
217 , -1134.49690474 , -1389.73582843 , 12.74904837 , 8.12233477 , 251.26076865 , -6.99189568 , -0.52084477 , -1.63906485 , -30.99780938 , 1.7449619648341697
218 , -1135.66012849 , -1389.38704762 , 12.52668696 , 8.0491092 , 251.27512959 , -8.23476339 , -0.61636198 , -0.4089786 , -32.01995339 , 1.8098437668401874
219 , -1135.65740042 , -1389.30065201 , 12.47434978 , 8.10888247 , 251.20751528 , -8.25705962 , -0.62084605 , -0.43151766 , -32.11218279 , 1.800561634588108
220 , -1135.54921956 , -1388.1249788 , 11.84934792 , 8.09251232 , 250.76273272 , -7.89583295 , -0.43264657 , -0.3816699 , -32.73712429 , 1.7403196777816783
221 , -1135.51980301 , -1388.25351731 , 11.85180697 , 8.20687429 , 250.68196723 , -7.59387058 , -0.4469734 , -0.39101174 , -32.39192621 , 1.7485286779873832
222 , -1135.64155805 , -1387.9295992 , 11.81428669 , 8.01881048 , 250.80805256 , -8.83393752 , -0.45577852 , -0.42030041 , -33.49382705 , 1.7323142998025534
223 , -1136.27988037 , -1389.43812177 , 12.7241383 , 7.81592341 , 251.19956901 , -8.63278637 , -0.47993355 , -0.39184657 , -33.49368045 , 1.9049788868428463
224 , -1136.72942088 , -1389.49041499 , 12.77772772 , 7.96825319 , 251.32779713 , -10.5618883 , -0.7222871 , -0.31464055 , -35.39820601 , 1.9268502214596286
225 , -1136.74528733 , -1389.08422341 , 12.3422247 , 7.93134556 , 250.88910393 , -8.92903408 , -0.51432174 , -0.31352294 , -34.73370057 , 1.89992999681536
226 , -1136.72923852 , -1389.48510448 , 12.76684545 , 7.96798525 , 251.32765969 , -10.55251738 , -0.71939349 , -0.31400035 , -35.39040543 , 1.9257383686409824
227 , -1136.29233877 , -1389.41134092 , 12.57772168 , 7.89365438 , 251.00575887 , -9.12123868 , -0.6498417 , -1.33771262 , -33.16847957 , 1.9234346811017944
228 , -1136.72919386 , -1389.49317371 , 12.77867415 , 7.96810753 , 251.32888426 , -10.55743231 , -0.72177489 , -0.31451182 , -35.39687615 , 1.926840248852364
229 , -1136.28956256 , -1389.41138694 , 12.58032352 , 7.89047142 , 251.01065786 , -9.11591587 , -0.65227738 , -1.33110692 , -33.18106151 , 1.9231860798806613
230 , -1136.33449986 , -1389.47253585 , 12.58364663 , 7.94141424 , 251.00161326 , -9.31556141 , -0.62299461 , -1.40756532 , -33.19691218 , 1.9309902788193425
231 , -1136.73005285 , -1389.47462024 , 12.76490967 , 7.96904846 , 251.32011662 , -10.55708365 , -0.72200939 , -0.31392699 , -35.39881852 , 1.9257010290333487
232 , -1136.3256112 , -1389.49355169 , 12.59212855 , 7.93388903 , 251.02658144 , -9.31621245 , -0.61047705 , -1.43049054 , -33.18802553 , 1.9284155143220527
233 , -1136.74448362 , -1389.09541753 , 12.34446928 , 7.93110859 , 250.89890868 , -8.93510544 , -0.51321765 , -0.31298861 , -34.73943381 , 1.898489641540391
234 , -1136.2063321 , -1388.88567059 , 12.16357259 , 8.08566121 , 250.84765282 , -8.8302259 , -0.55771198 , -0.50273189 , -32.81203664 , 1.8592309305106678
235 , -1136.42328122 , -1388.7620037 , 12.22285627 , 8.0243622 , 250.56442458 , -8.34852053 , -0.56283362 , -0.43429466 , -33.7106054 , 1.8916173809817136
236 , -1136.00608943 , -1389.30269942 , 12.68708641 , 8.04521028 , 251.11988626 , -8.61735701 , -0.48621644 , -0.33088283 , -33.97081833 , 1.8751482705239626
237 , -1136.81856363 , -1388.31066743 , 11.78213059 , 8.12711291 , 250.45402562 , -9.24882259 , -0.5330449 , -0.47083451 , -33.90724139 , 1.8988989051984022
238 , -1136.78577011 , -1388.175547 , 11.65355641 , 8.3811704 , 250.0466388 , -9.40742209 , -0.44616167 , -0.36209862 , -33.24181438 , 1.895117078355238
239 , -1136.4630693 , -1387.47193762 , 11.56652869 , 8.28828225 , 249.54496723 , -7.73886553 , -0.49120385 , -0.31518362 , -33.25766828 , 1.8884245690247818
240 , -1136.78577525 , -1388.15418525 , 11.64256602 , 8.37093079 , 250.04598109 , -9.4096243 , -0.44435987 , -0.36886319 , -33.27263893 , 1.8921732231543142
241 , -1136.78663098 , -1388.20262365 , 11.65708373 , 8.38249233 , 250.07712553 , -9.43369121 , -0.44426486 , -0.37176378 , -33.29895038 , 1.8935735734737609
242 , -1136.06473428 , -1388.57146223 , 11.74390212 , 8.16914423 , 250.73782258 , -8.08149763 , -0.49211657 , -1.05523689 , -32.30108611 , 1.7945468118207517
243 , -1136.37149605 , -1388.61905258 , 11.91965552 , 8.24046587 , 250.45356762 , -7.97333625 , -0.46410344 , -0.34222207 , -32.84907675 , 1.8650424117495779
244 , -1136.78886335 , -1388.19108119 , 11.65578214 , 8.37877096 , 250.06810552 , -9.43510013 , -0.44442847 , -0.37030673 , -33.29107345 , 1.8938579316355406
245 , -1136.36598286 , -1388.62032553 , 11.91210103 , 8.23914896 , 250.39919915 , -7.77204299 , -0.46156627 , -0.42908012 , -32.77617451 , 1.8767098261495232
246 , -1136.64610567 , -1387.71424515 , 11.43487294 , 8.25997374 , 249.71029936 , -8.29609142 , -0.46689619 , -0.34790401 , -32.24046224 , 1.881076049186842
247 , -1136.61413403 , -1387.47387328 , 11.49054363 , 8.45227402 , 249.50380209 , -9.42849887 , -0.55877678 , -0.35230318 , -33.61417438 , 1.8997457068500696
248 , -1136.78579975 , -1388.15467191 , 11.64177396 , 8.37239909 , 250.03604667 , -9.38335775 , -0.44630274 , -0.36272472 , -33.21314418 , 1.8941104302557727
249 , -1136.6057467 , -1387.50388791 , 11.49336636 , 8.43670735 , 249.57885296 , -9.57949149 , -0.53338578 , -0.35054374 , -33.68431654 , 1.8949898299475698
250 , -1136.78490821 , -1388.16416322 , 11.64892348 , 8.37333464 , 250.04239378 , -9.39795178 , -0.44699653 , -0.36085057 , -33.21406226 , 1.894524307338023
251 , -1136.36311997 , -1388.66682333 , 11.95070731 , 8.24406082 , 250.49088698 , -8.01767568 , -0.46529375 , -0.33843863 , -32.90104376 , 1.8657534522504675
252 , -1136.6050753 , -1387.51639058 , 11.49403771 , 8.43551694 , 249.58897561 , -9.57888767 , -0.5288438 , -0.35160598 , -33.68604714 , 1.8945519327427789
253 , -1136.69511657 , -1388.65685413 , 12.02313645 , 8.04025302 , 250.66729527 , -9.30131548 , -0.42306413 , -0.35174811 , -33.86457083 , 1.8798205737858065
254 , -1136.77999994 , -1388.14324509 , 11.64545996 , 8.37010764 , 250.02909807 , -9.37652697 , -0.44482174 , -0.36429252 , -33.24144663 , 1.8923371892066607
255 , -1136.78668113 , -1388.1851734 , 11.65409415 , 8.3760668 , 250.07040608 , -9.44024839 , -0.44306316 , -0.37492011 , -33.31748598 , 1.8919974566955193
256 , -1136.22549933 , -1389.05398263 , 12.40932115 , 7.788651 , 251.00215229 , -8.91041438 , -0.41213515 , -0.6923339 , -33.04520666 , 1.8280566629910475
257 , -1136.46778926 , -1388.20691499 , 11.76265683 , 8.1952809 , 250.326417 , -8.72680347 , -0.52621761 , -0.36951574 , -33.13326627 , 1.8950708601570825
258 , -1136.28648337 , -1389.13072136 , 12.49228075 , 8.02934297 , 250.82098936 , -8.6674568 , -0.42806939 , -0.66013471 , -33.78873097 , 1.8936014480584735
259 , -1136.32854787 , -1389.50285727 , 12.6001472 , 7.94480943 , 251.02428918 , -9.32471526 , -0.62937213 , -1.40962948 , -33.20823632 , 1.9319169631199518
260 , -1136.09099113 , -1389.71849802 , 12.64684199 , 8.18709655 , 251.19194083 , -8.9171672 , -0.56905967 , -0.51364568 , -33.30900491 , 1.873703007894881
261 , -1136.90122301 , -1388.16427676 , 11.79734747 , 8.09734476 , 250.38093783 , -9.50767336 , -0.50405805 , -0.30958598 , -34.52276543 , 1.8757810098399903
262 , -1136.47181735 , -1388.16425226 , 11.75209927 , 8.1875883 , 250.30315805 , -8.73218248 , -0.52403177 , -0.36952759 , -33.15027521 , 1.8965282099123497
263 , -1136.25739656 , -1389.65970814 , 12.62919846 , 7.96517211 , 251.17903131 , -8.2390699 , -0.49106966 , -0.39667194 , -32.96681251 , 1.9149745471676827
264 , -1136.26428345 , -1389.58064697 , 12.57084817 , 7.93158867 , 251.13625245 , -8.14807576 , -0.48886444 , -0.38448842 , -32.87241986 , 1.916939467089983
265 , -1136.10752204 , -1388.67446951 , 12.09121645 , 8.08829304 , 250.72789974 , -8.93569013 , -0.5610101 , -0.44668844 , -32.13095514 , 1.887014752312958
266 , -1136.12082046 , -1388.73647913 , 12.09874077 , 8.10052586 , 250.74022076 , -8.88128173 , -0.55315394 , -0.44347863 , -32.10315918 , 1.8866783136292231
267 , -1136.86072271 , -1387.93000266 , 11.75556217 , 8.04714855 , 250.13429179 , -8.85314687 , -0.46834396 , -0.33266027 , -34.16284279 , 1.8878738050082107
268 , -1134.92713007 , -1389.49209864 , 12.5469825 , 8.30956927 , 251.46716451 , -7.64635237 , -0.70098661 , -0.44789218 , -32.19375209 , 1.6986640229682193
269 , -1136.0555272 , -1389.40274869 , 12.55571564 , 7.91636335 , 251.03743648 , -7.50116323 , -0.44540957 , -0.47036259 , -33.76546964 , 1.8439455493711792
270 , -1135.59040645 , -1390.43211019 , 13.41472222 , 8.11320682 , 251.77812148 , -9.38244883 , -0.51921735 , -0.59160174 , -33.81400361 , 1.8472866570936155
271 , -1136.0112726 , -1389.4465675 , 12.66317504 , 7.98440924 , 251.16055768 , -8.280456 , -0.61748431 , -0.3919075 , -33.20110372 , 1.825432290409863
272 , -1136.36745914 , -1389.09381902 , 12.32885204 , 7.85402273 , 250.97342609 , -8.81041727 , -0.42026694 , -0.50018935 , -33.30215119 , 1.8778863582658416
273 , -1135.6326742 , -1389.56726978 , 12.54477688 , 8.04237638 , 251.37104694 , -9.01425508 , -0.52665862 , -1.1312145 , -32.38479658 , 1.7973506570721216
274 , -1136.09367224 , -1388.76310775 , 12.46834908 , 7.88611351 , 250.88723185 , -8.55473745 , -0.48679139 , -0.33882673 , -33.86550546 , 1.8721904936954936
275 , -1136.18380473 , -1388.87774606 , 12.35235601 , 8.13716284 , 250.78825284 , -8.96912263 , -0.53023974 , -0.31596754 , -33.08695855 , 1.8646687938415667
276 , -1136.1157418 , -1388.96945522 , 12.16183139 , 8.1950763 , 250.88706111 , -8.99051727 , -0.59006337 , -0.43139551 , -32.12708559 , 1.8870442935661873
277 , -1136.85412026 , -1388.07402044 , 11.78054234 , 8.04747572 , 250.2791638 , -8.78635751 , -0.44859932 , -0.31006035 , -34.51891895 , 1.8785934260768633
278 , -1136.86418681 , -1388.10314255 , 11.78573953 , 8.06517354 , 250.28757322 , -8.91451499 , -0.4471531 , -0.30949567 , -34.56889695 , 1.8775170730852648
279 , -1136.89257847 , -1388.18619897 , 11.78303426 , 8.10806807 , 250.36812351 , -9.35024646 , -0.49866256 , -0.30833847 , -34.4972027 , 1.87424211050342
280 , -1136.87707613 , -1388.16634201 , 11.79876397 , 8.08663329 , 250.32947262 , -9.07024648 , -0.46142612 , -0.30798159 , -34.56356885 , 1.8775882291202841
281 , -1136.89383895 , -1388.12132808 , 11.78941714 , 8.07060192 , 250.34920414 , -9.2465971 , -0.49062831 , -0.30739219 , -34.51280635 , 1.8751134163627483
282 , -1136.82040246 , -1388.10720607 , 11.78688328 , 8.02079353 , 250.25286911 , -8.53395382 , -0.43068038 , -0.32365805 , -34.44922386 , 1.8553324445606891
283 , -1136.81704597 , -1388.09887933 , 11.78941623 , 8.00693717 , 250.26222952 , -8.54527016 , -0.43482099 , -0.32535093 , -34.43916197 , 1.8527436056935584
284 , -1136.90112952 , -1388.17830189 , 11.79743943 , 8.10996419 , 250.39061301 , -9.58654439 , -0.50534758 , -0.31062822 , -34.52959087 , 1.8742654313373641
285 , -1136.7279009 , -1388.38639071 , 11.89236829 , 8.26056082 , 250.52209908 , -9.74127741 , -0.54008056 , -0.31804721 , -34.17682558 , 1.925974702160693
286 , -1136.73340883 , -1388.93281075 , 12.50403548 , 7.98439568 , 250.64427543 , -9.01724522 , -0.50475869 , -0.33966709 , -34.19744383 , 1.9422929115474679
287 , -1136.73010248 , -1388.35900119 , 11.88402093 , 8.2258254 , 250.52782055 , -9.7565545 , -0.53752775 , -0.32061152 , -34.12539625 , 1.9289915405415037
288 , -1136.44101522 , -1388.67560913 , 11.88256821 , 8.48222876 , 250.37805077 , -8.90075598 , -0.51897203 , -0.28012435 , -33.04941636 , 1.91137691622557
289 , -1136.72845021 , -1388.35357988 , 11.88298737 , 8.22553045 , 250.52244721 , -9.75470085 , -0.5338896 , -0.31999943 , -34.10410734 , 1.9285619377729877
290 , -1136.75515576 , -1388.98627417 , 12.50990202 , 7.96850104 , 250.72769468 , -9.2685338 , -0.54592104 , -0.34219651 , -34.1799616 , 1.9496933339894313
291 , -1136.75541431 , -1389.00909204 , 12.50905026 , 7.96660154 , 250.7516752 , -9.20526771 , -0.53651519 , -0.33756652 , -34.20209685 , 1.9474087642904776
292 , -1136.7313205 , -1388.38402112 , 11.88493883 , 8.24331654 , 250.53939122 , -9.76689904 , -0.54247138 , -0.32032145 , -34.15598811 , 1.9278479741456243
293 , -1136.75437257 , -1389.01701894 , 12.5085215 , 7.96627785 , 250.75535331 , -9.20231253 , -0.53235084 , -0.33850749 , -34.1885847 , 1.9471215974952245
294 , -1136.44039768 , -1388.69427822 , 11.8868884 , 8.48444958 , 250.38521352 , -8.83413798 , -0.51752286 , -0.27877875 , -33.0605587 , 1.9129833452099987
295 , -1136.70071056 , -1389.57516608 , 12.84516898 , 7.93069979 , 251.43267438 , -10.6055168 , -0.55326011 , -0.32521467 , -35.66784085 , 1.9292785495503175
296 , -1136.30259988 , -1388.33559571 , 11.88825475 , 8.04340308 , 250.20536909 , -6.81818611 , -0.39627046 , -0.4050526 , -32.76977129 , 1.8662037790457962
297 , -1136.58451361 , -1388.03228182 , 11.82953373 , 8.00159957 , 250.27371878 , -8.32416484 , -0.41933357 , -0.35188303 , -33.80180634 , 1.868465336415046
298 , -1136.69871347 , -1389.57642801 , 12.85025489 , 7.9276553 , 251.43373403 , -10.60894856 , -0.54872452 , -0.32634342 , -35.66509275 , 1.9293583958603904
299 , -1136.26519748 , -1388.37077915 , 11.93406006 , 8.03040109 , 250.21159033 , -6.76386541 , -0.39324446 , -0.40546545 , -32.75277906 , 1.8610766848643883
300 , -1135.84181464 , -1389.97164993 , 13.04056246 , 7.82884377 , 251.21661478 , -6.64366608 , -0.38179026 , -0.53917293 , -33.01170084 , 1.8843555572203612
301 , -1136.86739422 , -1388.19684243 , 11.80852209 , 8.12577646 , 250.31409907 , -9.21648644 , -0.44772435 , -0.31887201 , -34.61435789 , 1.8751007081595878
302 , -1136.65214355 , -1387.21746285 , 11.41622865 , 8.10386776 , 249.25487285 , -7.26798703 , -0.3971941 , -0.35530494 , -32.84739902 , 1.884398614260373
303 , -1135.42137242 , -1388.42150245 , 11.82669036 , 8.59620551 , 250.0785857 , -6.6698921 , -0.43554544 , -0.48735316 , -31.58964612 , 1.794364696458693
304 , -1136.18606046 , -1388.2684213 , 11.62439901 , 8.60111678 , 249.90141909 , -7.22977465 , -0.45344591 , -0.60002022 , -32.81953768 , 1.8135317393484631
305 , -1136.69966673 , -1389.57760324 , 12.84594432 , 7.92710665 , 251.43818398 , -10.60826704 , -0.54866819 , -0.32660724 , -35.66613044 , 1.9291928854341718
306 , -1136.74639115 , -1389.01711866 , 12.51295779 , 7.975294 , 250.72698451 , -9.06567317 , -0.51627504 , -0.33875966 , -34.18581771 , 1.9454331144538357
307 , -1136.66860615 , -1388.34839217 , 11.85788505 , 8.3500508 , 250.45278233 , -9.60589139 , -0.52641262 , -0.31209675 , -34.07087437 , 1.91347127421075
308 , -1136.73147302 , -1388.37022297 , 11.88044911 , 8.23792662 , 250.53329458 , -9.76204069 , -0.54271578 , -0.32085329 , -34.1544499 , 1.927935760243886
309 , -1136.61757783 , -1389.36890003 , 12.61989556 , 7.69769046 , 251.32718316 , -8.86100619 , -0.411229 , -0.3427858 , -34.70416462 , 1.8784253734858696
310 , -1136.68183348 , -1388.53034869 , 11.68407425 , 8.34401726 , 250.52115538 , -9.76111334 , -0.47522708 , -0.32836412 , -33.50477532 , 1.9106161085280389
311 , -1136.79314219 , -1388.19017616 , 11.74634929 , 8.44526899 , 250.07175493 , -9.10765177 , -0.50968029 , -0.28581704 , -34.42225906 , 1.8668147219323297
312 , -1136.44731729 , -1389.30721092 , 12.47397126 , 7.82420915 , 251.05648569 , -8.60967443 , -0.42510607 , -0.51717812 , -33.50840029 , 1.8701591531358848
313 , -1136.67827706 , -1388.54808484 , 11.68928191 , 8.33896113 , 250.54429292 , -9.7636527 , -0.47384128 , -0.327908 , -33.52124461 , 1.909323076941884
314 , -1136.56396714 , -1387.37094234 , 11.47612512 , 7.96901906 , 249.67539899 , -7.78735898 , -0.4934876 , -0.46631343 , -32.56094969 , 1.8735067692465648
315 , -1136.80340587 , -1388.1592569 , 11.72721894 , 8.47635726 , 249.99230716 , -9.15731113 , -0.58482699 , -0.29080943 , -34.33105613 , 1.8769638887004059
316 , -1136.72918982 , -1389.49413925 , 12.77573063 , 7.9676657 , 251.33128478 , -10.55688021 , -0.72105284 , -0.31448545 , -35.3914947 , 1.9265628428590926
317 , -1136.73152429 , -1388.34996747 , 11.85957295 , 8.23160381 , 250.53463581 , -9.75713601 , -0.54113458 , -0.32148561 , -34.14030445 , 1.9271773905007297
318 , -1136.73041361 , -1389.44875038 , 12.76483274 , 7.97026625 , 251.2994199 , -10.56760675 , -0.72778039 , -0.31451558 , -35.4127987 , 1.9265353489556516
319 , -1136.73157173 , -1388.35012065 , 11.8651775 , 8.23323512 , 250.52945821 , -9.75927387 , -0.54158861 , -0.32129957 , -34.14529243 , 1.9274269437686173
320 , -1136.72916099 , -1389.49572816 , 12.771193 , 7.96768689 , 251.33545159 , -10.55426974 , -0.72021248 , -0.31426313 , -35.389399 , 1.9261623998317885
321 , -1136.72917236 , -1388.97119598 , 12.51693289 , 7.99782588 , 250.69877155 , -9.12053011 , -0.53453645 , -0.33742885 , -34.29237856 , 1.9425084816837128
322 , -1136.7300594 , -1389.49154045 , 12.7759146 , 7.96902896 , 251.33038675 , -10.56220836 , -0.72545587 , -0.31448222 , -35.4037776 , 1.9267909323617496
323 , -1136.73095303 , -1388.3350864 , 11.84796129 , 8.22509969 , 250.53223641 , -9.74859596 , -0.54057319 , -0.32240214 , -34.12256763 , 1.9270383772879052
324 , -1136.72985087 , -1389.48824856 , 12.77697709 , 7.96910685 , 251.32657737 , -10.56351925 , -0.72363295 , -0.31460214 , -35.40405754 , 1.9268991014145251
325 , -1136.45513859 , -1389.07759246 , 12.33821567 , 7.81888969 , 251.24802209 , -9.02419142 , -0.57108166 , -0.33295576 , -34.0250294 , 1.8802575783063475
326 , -1136.29061566 , -1388.73047249 , 12.13045901 , 7.86947859 , 250.45393004 , -7.79972832 , -0.47990847 , -1.30482709 , -32.33683586 , 1.9342839929965725
327 , -1135.96656799 , -1390.23764478 , 13.54438427 , 7.73238884 , 251.57707107 , -8.91823346 , -0.49278244 , -0.47840932 , -33.56367225 , 1.916189450019666
328 , -1136.80412985 , -1388.14226111 , 11.72196639 , 8.47516564 , 249.97866853 , -9.16397912 , -0.58979251 , -0.29113692 , -34.31747068 , 1.8772227915576687
329 , -1136.79843681 , -1388.18836214 , 11.73955612 , 8.4814167 , 250.01443962 , -9.15778065 , -0.57800982 , -0.29053791 , -34.34487595 , 1.8752867273911338
330 , -1136.45768289 , -1388.56887749 , 12.1524533 , 7.99941954 , 250.42535692 , -9.24837611 , -0.45633037 , -0.82143737 , -33.46840428 , 1.918073039956042
331 , -1136.45888526 , -1388.53949532 , 12.14470629 , 7.99732352 , 250.40329489 , -9.24320339 , -0.45564733 , -0.83420872 , -33.46048683 , 1.9207623601262511
332 , -1136.74365035 , -1389.65764493 , 12.31886481 , 8.18493139 , 250.62904594 , -8.68793387 , -0.4828117 , -0.70297643 , -32.82392645 , 1.945955865607863
333 , -1136.58583418 , -1387.45349513 , 11.5353024 , 8.22111818 , 249.85070917 , -9.52300536 , -0.45409559 , -0.30893455 , -33.92231008 , 1.8541154653688103
334 , -1136.31679371 , -1389.56046657 , 12.82670549 , 8.03174005 , 251.07908454 , -9.00815777 , -0.55804412 , -0.85171537 , -34.05135189 , 1.9035397687118134
335 , -1136.28972312 , -1388.7440023 , 12.11971683 , 7.88200068 , 250.48654719 , -7.98854957 , -0.4828467 , -1.46625962 , -32.42047081 , 1.938682570122094
336 , -1136.29733322 , -1389.59682791 , 12.42617635 , 8.06341338 , 251.1579768 , -9.18898095 , -0.78969295 , -0.35328727 , -32.00365171 , 1.8616359827444666
337 , -1136.29307696 , -1389.60711034 , 12.42808541 , 8.06767988 , 251.15854294 , -9.26295735 , -0.80710395 , -0.36784876 , -31.90482628 , 1.8688524789812109
338 , -1135.78469598 , -1389.80153582 , 12.73369414 , 8.04488491 , 251.16131413 , -8.70598685 , -0.71958711 , -0.7333298 , -31.98963502 , 1.8900834585779203
339 , -1135.78768682 , -1389.71470675 , 12.69051529 , 8.03957351 , 251.09415288 , -8.65583716 , -0.80088791 , -0.79224811 , -31.8237388 , 1.8946137376804657
340 , -1136.74415621 , -1388.03692619 , 11.65521079 , 8.42996461 , 249.97471898 , -8.79364707 , -0.45320147 , -0.30321966 , -34.05539121 , 1.8606818439737578
341 , -1136.73071682 , -1388.36169799 , 11.86373594 , 8.23876383 , 250.53401067 , -9.73512934 , -0.53997482 , -0.32075447 , -34.14801573 , 1.9256933047055202
342 , -1136.73057916 , -1388.35795749 , 11.86089674 , 8.23753668 , 250.53303545 , -9.73295574 , -0.53987139 , -0.32081481 , -34.14471743 , 1.9254890370986757
343 , -1136.72970315 , -1388.31716986 , 11.82663911 , 8.22795139 , 250.5263064 , -9.71999831 , -0.53813516 , -0.3223255 , -34.11419573 , 1.9246710350527148
344 , -1136.73061984 , -1388.3429846 , 11.84606348 , 8.23076538 , 250.53324053 , -9.72520913 , -0.53901845 , -0.32161528 , -34.12692909 , 1.9252501672551865
345 , -1136.73067471 , -1388.39770591 , 11.89053734 , 8.2454523 , 250.54331115 , -9.73823846 , -0.5419473 , -0.3199874 , -34.16372625 , 1.927216944652434
346 , -1136.72993248 , -1388.32703195 , 11.83237236 , 8.22772747 , 250.52757874 , -9.71358151 , -0.53798422 , -0.32244573 , -34.10765507 , 1.9245786849930957
347 , -1136.73118587 , -1388.35661156 , 11.86179897 , 8.23610922 , 250.53244309 , -9.73715726 , -0.5401876 , -0.32095936 , -34.1458141 , 1.925900009753003
348 , -1136.28746917 , -1388.73571648 , 12.14718923 , 7.86543464 , 250.45163747 , -7.70090964 , -0.48161247 , -1.13529586 , -32.29996836 , 1.9268325866916942
349 , -1136.31733125 , -1389.92878567 , 12.66157052 , 7.88741853 , 251.42105128 , -8.40558053 , -0.40830997 , -0.31691111 , -32.87455814 , 1.9191042428748375
350 , -1136.80138 , -1388.16771724 , 11.73356491 , 8.48189013 , 249.99138672 , -9.16215855 , -0.58601382 , -0.29111576 , -34.32704838 , 1.8761781263717061
351 , -1136.45673723 , -1388.57994153 , 12.1565385 , 8.00016069 , 250.43311716 , -9.25120302 , -0.45756832 , -0.81701372 , -33.46718285 , 1.9164971353882763
352 , -1136.8080736 , -1389.62680967 , 12.27800632 , 8.19853901 , 250.62505549 , -8.85037872 , -0.48804657 , -0.63370419 , -32.98859687 , 1.9399444844837423
353 , -1136.29244475 , -1389.60833422 , 12.42812786 , 8.06615912 , 251.16184778 , -9.2662579 , -0.80734571 , -0.3688109 , -31.90286046 , 1.8683233323976807
354 , -1135.76981719 , -1389.80751043 , 12.73681504 , 8.0391242 , 251.17653122 , -8.70754625 , -0.72778815 , -0.72659514 , -31.93406058 , 1.8867538689450618
355 , -1136.74520433 , -1388.05025851 , 11.65842206 , 8.42948201 , 249.98588725 , -8.78795938 , -0.45278487 , -0.30175232 , -34.06939789 , 1.8594530962520448
356 , -1136.73092772 , -1388.34707089 , 11.85527926 , 8.23431552 , 250.52974238 , -9.73601268 , -0.53999117 , -0.32125742 , -34.14063675 , 1.9258173669901384
357 , -1136.73102653 , -1388.35057078 , 11.85885947 , 8.23543512 , 250.52939929 , -9.73581881 , -0.53993915 , -0.32097097 , -34.14332946 , 1.9257933609379376
358 , -1136.34855974 , -1389.86744503 , 12.66986083 , 7.86679014 , 251.3975112 , -8.73384105 , -0.39711762 , -0.3366981 , -33.0502329 , 1.9263016822037742
359 , -1136.42113697 , -1387.58752767 , 11.53952643 , 7.97561838 , 249.72617549 , -7.46093381 , -0.44253083 , -0.54704617 , -32.15590905 , 1.8767875865593386
360 , -1136.87331054 , -1388.3491129 , 11.65034313 , 8.27149733 , 250.39437975 , -9.23068566 , -0.5900092 , -0.41978812 , -33.78155384 , 1.8825500509161692
361 , -1136.22590924 , -1389.50185691 , 12.75960446 , 7.92298982 , 251.08830709 , -9.4158521 , -0.62730213 , -0.63048989 , -33.04880174 , 1.9386280546888486
362 , -1136.27093631 , -1388.26954302 , 11.91025529 , 8.38784589 , 250.46065842 , -9.74940415 , -0.65420211 , -0.35715842 , -33.29227037 , 1.8691812904758158
363 , -1136.40004707 , -1387.62705791 , 11.56701893 , 7.9807996 , 249.67067453 , -7.2636664 , -0.43552842 , -0.63023305 , -32.09842273 , 1.8847629011529796
364 , -1136.53907662 , -1389.37919027 , 12.18182854 , 8.0935709 , 251.1731783 , -9.37574416 , -0.79710858 , -0.41701908 , -32.95565398 , 1.872627515456183
365 , -1136.54184803 , -1388.9897524 , 12.17108096 , 7.99759182 , 251.16518731 , -9.81211242 , -0.52249849 , -0.31874371 , -34.10500542 , 1.85748128304155
366 , -1136.81828069 , -1388.34737193 , 11.76774472 , 8.32572668 , 250.18931477 , -8.82061531 , -0.4340923 , -0.30563903 , -33.75569586 , 1.9053823894024222
367 , -1135.87648539 , -1389.57639165 , 12.31775489 , 8.13311607 , 250.9662036 , -8.16822226 , -0.50834124 , -1.220733 , -32.33995995 , 1.897826373667075
368 , -1136.3704821 , -1388.59066029 , 11.96855771 , 8.32959078 , 250.30415236 , -8.41528882 , -0.57483344 , -0.44156653 , -32.85219826 , 1.855866832227026
369 , -1136.73080388 , -1389.47039097 , 12.76670933 , 7.9704954 , 251.31770187 , -10.56336944 , -0.72658119 , -0.31379667 , -35.41676946 , 1.9260771668982535
370 , -1136.89698492 , -1388.32830267 , 11.72580506 , 8.12488623 , 250.39742831 , -9.10063562 , -0.52462101 , -0.54313558 , -33.69192038 , 1.9074428234930934
371 , -1136.80023308 , -1388.17975972 , 11.73564113 , 8.48069479 , 250.00589064 , -9.15362341 , -0.57906135 , -0.29054726 , -34.33587187 , 1.8753066892854418
372 , -1136.73071098 , -1389.47209191 , 12.76630674 , 7.97082841 , 251.31969287 , -10.56353314 , -0.72579512 , -0.31370716 , -35.41830038 , 1.9260103381272549
373 , -1136.73890885 , -1387.9870697 , 11.64010859 , 8.42306914 , 249.94403539 , -8.79564424 , -0.45014639 , -0.30916142 , -33.9890691 , 1.8648354549453552
374 , -1135.87873053 , -1389.55685 , 12.31835562 , 8.09778828 , 250.99812931 , -8.1982722 , -0.53158259 , -1.21297716 , -32.38757023 , 1.8908909787190094
375 , -1135.76719224 , -1389.78574643 , 12.73129563 , 8.03637862 , 251.15355071 , -8.68766456 , -0.73674904 , -0.73224233 , -31.91241998 , 1.8871455175477423
376 , -1136.28022948 , -1388.74831158 , 12.15653259 , 7.88796752 , 250.41005206 , -7.50209069 , -0.46419126 , -1.08151276 , -32.22983598 , 1.9180785278251167
377 , -1136.7529772 , -1389.04050343 , 12.32277589 , 7.93102341 , 250.8707405 , -8.93784411 , -0.51805537 , -0.31138774 , -34.79863175 , 1.9017995336275628
378 , -1136.28747062 , -1388.75612026 , 12.13244049 , 7.89479327 , 250.44769158 , -7.77748973 , -0.47049323 , -1.39018781 , -32.35891727 , 1.932711821269054
379 , -1136.73088624 , -1389.48359486 , 12.77051587 , 7.97129167 , 251.32526716 , -10.55680307 , -0.72521733 , -0.31395139 , -35.41505923 , 1.92628645514114
380 , -1136.167618 , -1388.90598435 , 12.49903306 , 7.95465429 , 250.984037 , -9.60670104 , -0.53694908 , -0.37085997 , -33.35173145 , 1.8675465122630763
381 , -1135.40030988 , -1389.19083548 , 12.57551132 , 8.02274162 , 251.3809106 , -8.23951882 , -0.58773948 , -0.33538018 , -32.59219318 , 1.7345385146262813
382 , -1135.6411128 , -1389.76932311 , 12.65477702 , 8.1072165 , 251.09896937 , -7.16146254 , -0.44845441 , -1.0337676 , -32.3970707 , 1.8065874459131184
383 , -1135.91641782 , -1389.44979801 , 12.38617801 , 8.13799599 , 251.29766577 , -8.51239396 , -0.65508207 , -0.37164289 , -32.86245855 , 1.7813649759770906
384 , -1136.80237964 , -1388.16689957 , 11.72915108 , 8.47550048 , 249.99999985 , -9.15175643 , -0.58016322 , -0.2906973 , -34.32783541 , 1.8758478509898653
385 , -1135.868116 , -1389.59197601 , 12.31852449 , 8.11367866 , 250.97484619 , -8.04690235 , -0.52120985 , -1.30802293 , -32.25095165 , 1.8988698515795421
386 , -1136.38486342 , -1388.97271968 , 12.26895271 , 8.04645613 , 250.57447562 , -7.83673868 , -0.39898183 , -0.34065693 , -33.2722078 , 1.8898847241112937
387 , -1136.81475453 , -1388.3454492 , 11.76558498 , 8.31937639 , 250.16334733 , -8.664016 , -0.43331393 , -0.30571227 , -33.6641197 , 1.9016943623105445
388 , -1135.9662677 , -1389.35077764 , 12.6608048 , 7.90759047 , 251.49578697 , -9.38128615 , -0.55551899 , -0.29097636 , -33.67749233 , 1.808675384196189
389 , -1136.03851981 , -1389.50369529 , 12.7398278 , 7.99285137 , 251.28208629 , -8.5279541 , -0.51682763 , -0.3182228 , -33.95409958 , 1.875263706296557
390 , -1136.26511455 , -1388.75803035 , 12.10731088 , 8.13878822 , 250.55731404 , -7.93417892 , -0.39475611 , -0.34613869 , -33.27505665 , 1.8432892936869163
391 , -1135.84885772 , -1389.10143146 , 12.70064076 , 7.98690655 , 250.90169822 , -7.15439667 , -0.53517891 , -0.2856342 , -33.35786557 , 1.8140085755548163
392 , -1135.47768249 , -1389.24118636 , 12.61578695 , 8.32045842 , 250.99942321 , -8.48162243 , -0.55270349 , -0.37759671 , -32.75593999 , 1.7883952685699827
393 , -1135.53539623 , -1388.17881724 , 12.01973815 , 8.67420969 , 249.9522268 , -7.23909167 , -0.75130164 , -0.28287564 , -32.29182897 , 1.791695179064865
394 , -1136.51331056 , -1388.60710317 , 11.8756493 , 8.36167495 , 250.40440154 , -8.49889321 , -0.44950961 , -0.33754773 , -33.28121465 , 1.862348684494165
395 , -1136.12764805 , -1388.91911016 , 12.2618528 , 7.84103385 , 250.56463739 , -6.94645316 , -0.463801 , -0.69808265 , -31.93776793 , 1.8604170138075065
396 , -1136.24681732 , -1389.03441388 , 12.44781326 , 7.8667366 , 251.06911942 , -8.48424528 , -0.51180162 , -0.31914116 , -33.65737112 , 1.868954029983575
397 , -1136.80887823 , -1389.62060188 , 12.27165621 , 8.20209335 , 250.63094524 , -8.87770583 , -0.49048068 , -0.61863501 , -33.01453877 , 1.937437762660975
398 , -1136.73076274 , -1388.33951546 , 11.84604668 , 8.23055358 , 250.52994629 , -9.72610692 , -0.53905981 , -0.32163214 , -34.12725342 , 1.9252326709248329
399 , -1136.73138573 , -1388.36438155 , 11.8755443 , 8.23798939 , 250.52821284 , -9.74016999 , -0.54143145 , -0.32058047 , -34.15280261 , 1.9271095012808706
400 , -1136.74543834 , -1387.9711835 , 11.71049094 , 8.26624432 , 250.04425176 , -8.72159156 , -0.48520822 , -0.30612765 , -33.47555174 , 1.8603533006079591
401 , -1135.70706111 , -1389.17604387 , 12.28880669 , 7.85067591 , 251.67491049 , -8.32626585 , -0.41506277 , -0.31552118 , -33.19739429 , 1.7315958009744703
402 , -1136.70225886 , -1389.23659457 , 12.14106899 , 7.89313097 , 251.09458906 , -8.87331657 , -0.50228571 , -0.33588564 , -33.51804295 , 1.893042272039529
403 , -1135.9807429 , -1389.21891621 , 12.70650602 , 7.88017285 , 251.23111202 , -8.71548187 , -0.61001722 , -0.31563998 , -33.34853255 , 1.8586030087661394
404 , -1136.28825202 , -1388.73524666 , 12.14740492 , 7.8595788 , 250.45237701 , -7.62054811 , -0.47669906 , -1.07756599 , -32.28745358 , 1.9242020009435366
405 , -1136.2809834 , -1388.73510581 , 12.16803986 , 7.86737238 , 250.43025138 , -7.50722954 , -0.4549196 , -0.99655931 , -32.32904012 , 1.918373000620229
406 , -1136.2691562 , -1390.67168501 , 13.24611015 , 7.85795619 , 251.49837588 , -7.28505731 , -0.87533249 , -1.06600152 , -32.60869432 , 1.9315159844144065
407 , -1135.9974803 , -1389.20712465 , 12.63471913 , 8.01429877 , 251.05172369 , -8.52827621 , -0.49321802 , -0.30789165 , -33.84170212 , 1.8750903190216428
408 , -1136.79870801 , -1388.17972141 , 11.73752246 , 8.47169512 , 250.02071399 , -9.12781317 , -0.55548481 , -0.28899134 , -34.36295792 , 1.8727861024972845
409 , -1136.73034169 , -1388.33952332 , 11.84664143 , 8.23359747 , 250.52743121 , -9.72601177 , -0.53888976 , -0.32148023 , -34.12855875 , 1.9250092567639763
410 , -1135.68818378 , -1389.26826796 , 12.55344567 , 8.30479084 , 251.4457876 , -9.38682037 , -0.62333351 , -0.27997112 , -33.94189092 , 1.7566570009051237
411 , -1136.34978044 , -1389.82174444 , 12.62250456 , 8.07341521 , 251.22059161 , -8.63417209 , -0.42185853 , -0.32450608 , -33.36724461 , 1.9169316438869346
412 , -1136.29725193 , -1388.32229522 , 11.70568125 , 8.47471114 , 250.40147869 , -8.29118519 , -0.47132267 , -0.2927634 , -33.16181827 , 1.8650909311570896
413 , -1135.36779378 , -1389.64664754 , 12.8273137 , 8.25877051 , 251.42988082 , -8.59915197 , -0.64684416 , -0.40121017 , -33.00229632 , 1.8023459289671548
414 , -1136.28866102 , -1388.74283375 , 12.12471905 , 7.87833923 , 250.46949482 , -7.8609053 , -0.48217848 , -1.38396888 , -32.3628365 , 1.9358930236652923
415 , -1136.78562983 , -1389.2052289 , 12.32888492 , 7.81642947 , 251.41700677 , -10.61834424 , -0.66231062 , -0.32390767 , -34.52221545 , 1.889052556264056
416 , -1136.19845408 , -1389.10564521 , 12.38852514 , 7.80217056 , 250.92114358 , -8.70273853 , -0.5068645 , -1.15272068 , -33.17515096 , 1.9011890838566234
417 , -1136.32032245 , -1389.54795449 , 12.82635557 , 8.02774385 , 251.07993846 , -9.04759362 , -0.56467949 , -0.84047844 , -34.07151994 , 1.9050837410316785
418 , -1136.75619892 , -1389.01116031 , 12.50921208 , 7.9670895 , 250.75483196 , -9.22603696 , -0.5416295 , -0.33899856 , -34.20059941 , 1.948126783413706
419 , -1136.28480581 , -1388.75105449 , 12.14142535 , 7.86813372 , 250.48360771 , -7.77695067 , -0.48611809 , -1.16766997 , -32.32574207 , 1.927600986015472
420 , -1136.4520455 , -1389.08896342 , 12.33995766 , 7.82251098 , 251.25427496 , -9.00797838 , -0.5721128 , -0.33248606 , -33.99844104 , 1.8804366614295687
421 , -1135.77500704 , -1389.36119453 , 12.82807225 , 7.8532875 , 251.52366808 , -8.46842341 , -0.81112651 , -0.28240114 , -33.77133123 , 1.7968675126204
422 , -1136.73157839 , -1388.33556507 , 11.85027254 , 8.22845039 , 250.52691083 , -9.73843346 , -0.54006894 , -0.3216245 , -34.13512602 , 1.9262700546748721
423 , -1135.8768867 , -1389.58352267 , 12.31235265 , 8.14029965 , 250.98090629 , -8.20840608 , -0.50678611 , -1.17907775 , -32.35781806 , 1.896647978828028
424 , -1136.75139465 , -1389.04258084 , 12.32570915 , 7.92697222 , 250.87378227 , -8.93978433 , -0.5181161 , -0.3112181 , -34.79052329 , 1.901271514237101
425 , -1136.29460864 , -1389.53732171 , 12.77142125 , 7.95981098 , 251.30319377 , -8.95661318 , -0.67055397 , -0.30531945 , -34.12670368 , 1.8905524807343894
426 , -1136.31206672 , -1389.53747616 , 12.74244107 , 7.98219874 , 251.29991644 , -8.98305505 , -0.68867736 , -0.29356512 , -34.13775311 , 1.8781448338257758
427 , -1136.80876071 , -1389.6171352 , 12.27157024 , 8.20156374 , 250.62750569 , -8.87604751 , -0.49045694 , -0.61777712 , -33.01274275 , 1.9373150741287986
428 , -1136.40224244 , -1388.74074006 , 12.13010974 , 8.10972439 , 250.64594616 , -8.17290056 , -0.59359945 , -0.38110399 , -33.33051627 , 1.9396620118032148
429 , -1136.73074468 , -1389.46777044 , 12.76645677 , 7.97063543 , 251.31523939 , -10.56373953 , -0.72690127 , -0.31372408 , -35.41680729 , 1.9259460091149851
430 , -1136.30164555 , -1389.54100426 , 12.76289604 , 7.97052544 , 251.29162042 , -8.91487697 , -0.68125584 , -0.3013057 , -34.11182033 , 1.8875594582837658
431 , -1136.31896025 , -1389.55632033 , 12.82646904 , 8.03059252 , 251.07852409 , -9.0218755 , -0.56137323 , -0.84694014 , -34.06098223 , 1.9039264305923675
432 , -1135.82930482 , -1388.36242689 , 12.10159576 , 8.10423288 , 250.80902361 , -8.60352889 , -0.52181868 , -0.51954292 , -33.87916647 , 1.7570767999296004
433 , -1135.27057577 , -1388.17767058 , 11.99625927 , 8.31104309 , 251.04883158 , -9.04283382 , -0.56724722 , -0.32532373 , -33.57750544 , 1.6652384926155703
434 , -1135.86531636 , -1389.42977835 , 12.53521318 , 7.97819781 , 251.20634366 , -8.22093743 , -0.52267041 , -0.55910411 , -32.17178585 , 1.8293215624229129
435 , -1135.67795705 , -1389.64785514 , 12.69769408 , 8.37489413 , 251.27783253 , -7.62348869 , -0.49967068 , -0.28682115 , -33.19909491 , 1.7636097528394945
436 , -1135.8886919 , -1389.01405186 , 12.53042867 , 8.04792144 , 251.10301234 , -9.42732652 , -0.78156766 , -0.42356236 , -32.96337498 , 1.8733093329881318
437 , -1136.35494599 , -1389.81986651 , 12.62305233 , 8.07049572 , 251.21852478 , -8.63630664 , -0.42112352 , -0.32392485 , -33.37844842 , 1.9177423637930455
438 , -1135.87543972 , -1389.62284839 , 12.33536515 , 8.12530697 , 251.00144466 , -8.15936006 , -0.5159143 , -1.33346339 , -32.35411738 , 1.9013472199578358
439 , -1135.44646876 , -1387.93067966 , 11.9883682 , 8.37563524 , 250.10726362 , -7.31396683 , -0.42408204 , -0.29155227 , -32.84796615 , 1.7753862310614885
440 , -1136.29144156 , -1388.73184967 , 12.14368411 , 7.85975232 , 250.45387082 , -7.67603716 , -0.47793085 , -1.11461224 , -32.30014732 , 1.9274765230547
441 , -1136.27487059 , -1389.1106619 , 12.52257609 , 8.1592055 , 250.83287669 , -8.84560432 , -0.5152866 , -0.41400942 , -33.58699369 , 1.8818487191577584
442 , -1136.17772909 , -1389.71786432 , 12.59362856 , 8.00919402 , 251.36860233 , -8.5596871 , -0.43697708 , -0.35175248 , -33.52563278 , 1.866397371558195
443 , -1136.15032946 , -1388.40295291 , 11.89733828 , 8.0829563 , 250.76088268 , -9.18590945 , -0.58480413 , -0.4579253 , -33.52561512 , 1.8316362277361162
444 , -1136.31118499 , -1388.90501929 , 12.37661179 , 7.95136984 , 250.95998006 , -8.65576568 , -0.54754817 , -0.28617871 , -33.86419843 , 1.8505645611895012
445 , -1136.07218611 , -1388.96134983 , 12.26477795 , 7.84224071 , 250.55143645 , -6.62974417 , -0.44628976 , -1.02227449 , -32.02415023 , 1.8675497334033353
446 , -1136.25780307 , -1388.7989686 , 12.16104789 , 7.8992105 , 250.50480047 , -7.50839859 , -0.461543 , -0.89713511 , -32.25151488 , 1.9020322288953702
447 , -1136.29243001 , -1389.43022962 , 12.48104015 , 7.88081466 , 251.11694112 , -7.55673799 , -0.58853218 , -0.50982653 , -33.34443466 , 1.8311206802103024
448 , -1136.42288929 , -1389.31087567 , 12.68352857 , 8.02535794 , 251.04783837 , -9.79367753 , -0.68903506 , -0.29922167 , -34.27410439 , 1.917128749858473
449 , -1136.53317192 , -1387.99898706 , 11.73235417 , 8.16787694 , 250.33235197 , -8.39720982 , -0.43669555 , -0.31617852 , -33.77330894 , 1.8126144669362092
450 , -1136.26482488 , -1388.23759223 , 12.01821156 , 8.1325564 , 250.54987834 , -8.97812791 , -0.52173118 , -0.43508626 , -33.86601125 , 1.8440091932606513
451 , -1135.64602311 , -1389.20277862 , 12.53360683 , 8.01813536 , 251.03843531 , -7.15037363 , -0.43839262 , -0.35641503 , -33.55588923 , 1.799844821352813
452 , -1135.79198942 , -1389.65430699 , 12.66436884 , 8.03835811 , 251.05208842 , -8.64399065 , -0.83552554 , -0.82418306 , -31.82278007 , 1.899431398563202
453 , -1135.18781119 , -1389.6345375 , 12.79246207 , 8.03563663 , 251.88363538 , -7.99407852 , -0.42154972 , -0.31554867 , -33.56653257 , 1.715447711093116
454 , -1136.07466366 , -1389.78005201 , 12.54336789 , 8.15021525 , 251.45265347 , -8.43760514 , -0.54427977 , -0.38778177 , -32.85855266 , 1.7905097263578607
455 , -1136.13296437 , -1389.71509591 , 12.79300993 , 7.9375979 , 251.38222206 , -9.86749812 , -0.45795764 , -0.49983981 , -33.90653633 , 1.8489827583583545
456 , -1136.69506998 , -1388.95770172 , 12.31774774 , 7.84002918 , 250.89637995 , -8.91277887 , -0.41572606 , -0.34674607 , -34.82389869 , 1.9096808710580366
457 , -1135.80683794 , -1389.05863304 , 12.18607353 , 8.04598227 , 251.01411732 , -7.4114609 , -0.43231603 , -0.34717023 , -32.64879863 , 1.7540373703340093
458 , -1136.72991939 , -1389.46957612 , 12.76484932 , 7.96914127 , 251.31993419 , -10.56474033 , -0.72307676 , -0.31363588 , -35.41641915 , 1.9260418140495144
459 , -1136.30547178 , -1389.37317309 , 12.17534301 , 8.06871156 , 251.09379055 , -8.35980214 , -0.56287044 , -0.32071323 , -32.30598388 , 1.860043378527419
460 , -1136.24108657 , -1388.83086615 , 12.17189466 , 7.90164467 , 250.56613292 , -7.50202145 , -0.46357149 , -0.80353431 , -32.28281174 , 1.8938406849071883
461 , -1136.72450057 , -1389.47669697 , 12.77094139 , 7.98327681 , 251.32010039 , -10.55375385 , -0.73647578 , -0.31299724 , -35.44157857 , 1.9247030819239357
462 , -1136.12095584 , -1388.67882413 , 12.43119192 , 7.95565565 , 250.93919957 , -9.88352406 , -0.50809383 , -0.44779941 , -34.08301893 , 1.8742199162741295
463 , -1136.88760414 , -1388.71740759 , 11.9949957 , 8.32679947 , 250.49285684 , -9.72488455 , -0.45958014 , -0.36991486 , -34.07442061 , 1.900865275140383
464 , -1136.27490025 , -1388.76084826 , 12.17023707 , 7.86971564 , 250.44161894 , -7.47329467 , -0.46533511 , -0.93134406 , -32.19227972 , 1.9125510111403357
465 , -1136.80905257 , -1389.62887155 , 12.27541419 , 8.20012215 , 250.63126748 , -8.86150154 , -0.48923744 , -0.62685846 , -32.99825492 , 1.939029835375745
466 , -1136.21524797 , -1388.95616954 , 12.42464807 , 8.13878541 , 250.81479693 , -9.89512876 , -0.73869266 , -0.43567133 , -32.91110143 , 1.9064077187016861
467 , -1136.73084044 , -1389.47165423 , 12.7666106 , 7.97146873 , 251.31914309 , -10.56461927 , -0.72778412 , -0.31374913 , -35.41958755 , 1.9259798577829974
468 , -1136.18581652 , -1388.72087168 , 12.08585786 , 7.89830844 , 250.88806294 , -7.57207618 , -0.43010194 , -0.3171724 , -33.2028405 , 1.830921958965892
469 , -1136.73091094 , -1389.47893076 , 12.76861305 , 7.97154122 , 251.32336045 , -10.5611359 , -0.72624351 , -0.31379797 , -35.41813736 , 1.9260803183102637
470 , -1136.17895667 , -1388.8357682 , 12.43408224 , 7.9049764 , 251.06025819 , -9.28247967 , -0.58887974 , -0.33347448 , -34.43189252 , 1.8259572068300656
471 , -1135.83406224 , -1389.13992099 , 12.72434945 , 7.98644763 , 250.90158285 , -7.03925549 , -0.51253412 , -0.28777825 , -33.32319924 , 1.8114134152534112
472 , -1136.73079496 , -1389.47448954 , 12.76706332 , 7.97107631 , 251.32130716 , -10.56381293 , -0.72621061 , -0.31374994 , -35.41857242 , 1.9260693727962952
473 , -1136.31854754 , -1389.57001638 , 12.82718321 , 8.0314173 , 251.08716549 , -9.00983458 , -0.56005099 , -0.85004413 , -34.0607839 , 1.9038227042886235
474 , -1136.80470142 , -1389.63800699 , 12.28144057 , 8.20809971 , 250.6363975 , -8.87670988 , -0.49185304 , -0.6234218 , -33.02615042 , 1.9380832253165845
475 , -1135.95690345 , -1389.57439333 , 12.74972316 , 7.93824909 , 251.22813371 , -7.61414691 , -0.45448679 , -0.3843851 , -33.34791359 , 1.822364903212309
476 , -1136.80645428 , -1389.6055265 , 12.26725472 , 8.20621802 , 250.61833222 , -8.87709655 , -0.49291228 , -0.61104431 , -33.01837631 , 1.9364988993172227
477 , -1135.98900461 , -1389.03718033 , 12.23122271 , 8.04568252 , 251.17529543 , -8.80034909 , -0.51289978 , -0.32039948 , -32.75617106 , 1.78642403501158
478 , -1135.86762106 , -1388.92627054 , 12.38085633 , 7.94406413 , 251.29385253 , -9.9585645 , -0.68238192 , -0.33907057 , -32.94687421 , 1.804064159352979
479 , -1135.58946573 , -1388.81435202 , 12.33386315 , 8.08247247 , 250.7682929 , -6.13697949 , -0.48543351 , -0.49120615 , -32.66354331 , 1.738180839040805
480 , -1135.93360166 , -1389.39571227 , 12.39430252 , 8.02795643 , 251.28200705 , -8.65895135 , -0.47831963 , -0.32824879 , -32.64188041 , 1.8086277600357723
481 , -1135.88791667 , -1389.5672525 , 12.65725889 , 8.42006303 , 250.96174027 , -8.55975937 , -0.47119894 , -0.3436834 , -32.50746434 , 1.8050173526156206
482 , -1135.9564192 , -1389.42911262 , 12.21911682 , 8.18769302 , 251.4185287 , -8.33918506 , -0.51965876 , -0.31545066 , -33.29589267 , 1.7632193581555005
483 , -1136.36148136 , -1388.47121545 , 12.06122366 , 8.28902835 , 250.36231998 , -8.22353397 , -0.49621716 , -0.31533633 , -34.17911505 , 1.8832005856704364
484 , -1135.35184137 , -1389.00323969 , 12.41794551 , 8.28793984 , 250.66718399 , -6.42633699 , -0.33608978 , -0.74959337 , -32.74968989 , 1.7777705458119755
485 , -1136.38716184 , -1388.99493473 , 12.42036687 , 7.92798383 , 250.84769157 , -8.21530842 , -0.47314364 , -0.30662344 , -33.76987949 , 1.861136797983502
486 , -1135.2273619 , -1389.60391035 , 12.74301126 , 8.22694167 , 251.70046835 , -9.02877866 , -0.73392279 , -0.35675297 , -32.78004272 , 1.7482241956901905
487 , -1136.5679234 , -1389.53905329 , 12.8400175 , 7.90459119 , 251.32097699 , -9.81842107 , -0.58805447 , -0.31309582 , -34.99214261 , 1.9163778508592273
488 , -1135.8018945 , -1389.21196893 , 12.50267601 , 8.1497422 , 251.15844582 , -8.08340476 , -0.42596807 , -0.42123792 , -33.73213375 , 1.7713547436691397
489 , -1136.74761404 , -1389.04304799 , 12.32509413 , 7.93288251 , 250.88029509 , -8.95834428 , -0.51873852 , -0.31078861 , -34.8061506 , 1.9017937574117714
490 , -1136.7523636 , -1389.04211445 , 12.32490484 , 7.9306001 , 250.87128412 , -8.93756608 , -0.5174792 , -0.31127516 , -34.79523738 , 1.9018506904410952
491 , -1136.75387984 , -1389.0330093 , 12.32205554 , 7.93039271 , 250.86195592 , -8.93068283 , -0.51778404 , -0.31150919 , -34.79430498 , 1.9019029964757683
492 , -1136.73088876 , -1389.48263576 , 12.7698527 , 7.97184137 , 251.3255898 , -10.55878053 , -0.72543053 , -0.31376997 , -35.41923811 , 1.9260856207208514
493 , -1135.18337736 , -1389.20522697 , 12.63019989 , 8.07032212 , 251.52037709 , -7.79587729 , -0.4263086 , -0.30617065 , -33.4103233 , 1.7141551368830126
494 , -1135.86820956 , -1390.79295326 , 13.69588425 , 7.85323794 , 252.00713525 , -8.92301353 , -0.46507129 , -0.35579925 , -33.94646541 , 1.8918102136498598
495 , -1136.22436348 , -1388.83834823 , 12.17768498 , 7.90976186 , 250.61649043 , -7.54935891 , -0.46465734 , -0.70071359 , -32.33655076 , 1.8853474440504996
496 , -1135.78850762 , -1389.813796 , 12.89750709 , 8.03802536 , 251.61399779 , -9.20042903 , -0.90096866 , -0.44683121 , -33.60129263 , 1.8414527340538132
497 , -1136.78830039 , -1389.10058612 , 12.31458806 , 7.78816025 , 251.33400857 , -10.564375 , -0.66438307 , -0.32528864 , -34.45136774 , 1.8889731532752034
498 , -1136.04442278 , -1389.78815228 , 12.60306437 , 8.20003033 , 251.24382292 , -8.23381889 , -0.53005802 , -0.64750456 , -33.01903379 , 1.869060676527913
499 , -1135.74763895 , -1389.9575938 , 12.48829653 , 7.91781177 , 251.5624675 , -8.22095609 , -0.43446807 , -0.8800225 , -31.89815876 , 1.8344323843861217
500 , -1135.91965504 , -1389.2263721 , 12.45878163 , 8.21879158 , 250.95295016 , -8.43877151 , -0.51965511 , -0.31552926 , -33.05639854 , 1.808304833362868
501 , -1135.41799364 , -1389.35502489 , 12.89248371 , 8.1445699 , 250.77267412 , -6.86717695 , -0.61096342 , -0.35163931 , -32.69522736 , 1.848686942957325
502 , -1136.73064461 , -1389.47149408 , 12.76610534 , 7.97039773 , 251.31940116 , -10.56374191 , -0.72582792 , -0.31371043 , -35.41691278 , 1.9259871270719415
503 , -1136.01448299 , -1388.86767141 , 12.27210048 , 7.89486639 , 251.1669866 , -8.14027487 , -0.59326852 , -0.32630507 , -32.73910913 , 1.7911844239920827
504 , -1135.36663121 , -1389.42388351 , 12.96634358 , 8.5856862 , 251.21245207 , -8.16106301 , -0.38137175 , -0.2766712 , -34.81281937 , 1.7916354247231177
505 , -1136.73049966 , -1389.46767163 , 12.76475426 , 7.97035237 , 251.31784608 , -10.566639 , -0.72672902 , -0.31367396 , -35.41836692 , 1.9259220027265191
506 , -1135.77112779 , -1389.80230247 , 12.73012983 , 8.03828624 , 251.17141951 , -8.69627955 , -0.73838844 , -0.73395791 , -31.90866642 , 1.8874000340011712
507 , -1136.45989644 , -1387.50023301 , 11.50941119 , 7.97950708 , 249.84239478 , -8.21760824 , -0.44605943 , -0.4557168 , -32.67454064 , 1.8705722250122205
508 , -1136.73071563 , -1389.4707604 , 12.76629908 , 7.97052595 , 251.31850302 , -10.56366798 , -0.7261698 , -0.31374995 , -35.41728015 , 1.9260239831443577
509 , -1136.73052738 , -1389.47427442 , 12.76890694 , 7.97455686 , 251.3182642 , -10.56087981 , -0.72948619 , -0.31371145 , -35.42521243 , 1.9258267261499065
510 , -1136.10382902 , -1390.47397728 , 13.16094618 , 7.58515506 , 252.23040363 , -8.30471843 , -0.46346479 , -0.31401684 , -34.07184772 , 1.785661416005562
511 , -1135.51453965 , -1389.20079084 , 12.29129869 , 8.10284806 , 251.32106185 , -7.96140103 , -0.43833654 , -0.41595895 , -32.24329172 , 1.7453814878867933
512 , -1136.16685492 , -1389.29825033 , 12.78064759 , 8.02377129 , 251.05169282 , -8.61372436 , -0.62268526 , -0.67388747 , -34.17378095 , 1.8777719207519856
513 , -1136.00977599 , -1388.98798708 , 12.28618976 , 8.1238602 , 251.4054534 , -9.14124198 , -0.61563881 , -0.2999291 , -34.29392631 , 1.7572304146846383
514 , -1136.80873197 , -1389.61926311 , 12.27134082 , 8.20210341 , 250.63091898 , -8.87974079 , -0.49082964 , -0.61713811 , -33.01548336 , 1.9371793923571616
515 , -1135.62580085 , -1389.30909221 , 12.58596041 , 8.02666346 , 251.09117119 , -7.08472872 , -0.43659647 , -0.3555028 , -33.54136639 , 1.7968493095159395
516 , -1136.73078201 , -1389.47485934 , 12.76766626 , 7.97123264 , 251.32050885 , -10.56135464 , -0.72610721 , -0.31375399 , -35.41824221 , 1.9259825103211923
517 , -1135.86765938 , -1390.76322946 , 13.70576956 , 7.85252879 , 251.97006078 , -8.97800289 , -0.47526081 , -0.35641281 , -33.91100915 , 1.8905027221148984
518 , -1136.67775894 , -1389.24614126 , 12.21885273 , 7.78710814 , 251.69008219 , -9.84140063 , -0.44581738 , -0.27473421 , -34.79038127 , 1.8029655198909662
519 , -1136.04017068 , -1389.8010174 , 12.60851086 , 8.20159077 , 251.25044212 , -8.20453262 , -0.52796951 , -0.66357771 , -33.00552542 , 1.8689962772870816
520 , -1136.17161559 , -1390.30902592 , 12.85049581 , 8.30400305 , 251.31240065 , -7.28788466 , -0.4377467 , -0.28162334 , -33.17845226 , 1.840326093024442
521 , -1136.27550097 , -1388.78863356 , 12.1592647 , 7.89212455 , 250.46277729 , -7.51939219 , -0.46139328 , -1.01552334 , -32.24241525 , 1.913082850970538
522 , -1136.80923617 , -1389.63908626 , 12.27664252 , 8.20159196 , 250.64395176 , -8.87564831 , -0.49012901 , -0.62263204 , -33.01120199 , 1.93841497386794
523 , -1135.63630307 , -1388.62563116 , 12.21994488 , 8.04876044 , 250.90606048 , -7.88149691 , -0.50013701 , -0.4426898 , -32.67578965 , 1.7931822124120287
524 , -1135.93612016 , -1388.91287735 , 12.52413741 , 8.34674537 , 250.59852892 , -8.10578254 , -0.43368621 , -0.31869205 , -33.60211927 , 1.7994270906381453
525 , -1135.7486546 , -1388.32296526 , 11.93168273 , 8.26151436 , 250.47675955 , -8.18343395 , -0.46073746 , -0.96256407 , -31.94005185 , 1.7891656182071216
526 , -1135.82247115 , -1389.19447254 , 12.40990927 , 8.09126916 , 251.39333997 , -8.73599202 , -0.55849452 , -0.40267591 , -33.03224436 , 1.7679996222627836
527 , -1135.99258631 , -1389.82794168 , 12.48606663 , 8.12678161 , 251.7000484 , -8.62779686 , -0.52812867 , -0.29943091 , -33.34410177 , 1.7739721849590395
528 , -1136.8008694 , -1388.16938749 , 11.73305649 , 8.47915737 , 249.9997763 , -9.14998635 , -0.57523137 , -0.29031464 , -34.34272698 , 1.875151823580515
529 , -1136.08095107 , -1388.75146529 , 12.02978034 , 7.96312503 , 250.80254059 , -7.49119182 , -0.5475925 , -0.632777 , -32.32035304 , 1.8532927181076337
530 , -1136.00859559 , -1389.68078289 , 12.53984839 , 8.26834604 , 251.14422157 , -7.97973355 , -0.42441219 , -0.28858992 , -33.17017259 , 1.794898735405388
531 , -1135.49984378 , -1388.97952745 , 12.67681253 , 7.95626023 , 250.89309801 , -7.2258639 , -0.40118018 , -0.31692189 , -32.86425839 , 1.7758962131100542
532 , -1136.34967606 , -1389.87069584 , 12.6745298 , 7.8649952 , 251.39786266 , -8.72831627 , -0.3971249 , -0.3364537 , -33.05516949 , 1.9262655797466972
533 , -1135.67938933 , -1390.43762593 , 13.71271324 , 7.76816284 , 251.60096667 , -7.74293791 , -0.5903734 , -0.37249796 , -33.59888026 , 1.8771528197931666
534 , -1136.72991519 , -1389.46797111 , 12.76355913 , 7.96999647 , 251.32023983 , -10.56864186 , -0.72503146 , -0.31356457 , -35.42036549 , 1.9258601357179157
535 , -1136.71951879 , -1389.55284716 , 12.81809623 , 7.96479599 , 251.34896608 , -10.48155342 , -0.68972501 , -0.31406228 , -35.37012076 , 1.9268494520876476
536 , -1136.73089251 , -1389.47663714 , 12.76826541 , 7.97121237 , 251.32155631 , -10.56069665 , -0.72591372 , -0.31377798 , -35.41774928 , 1.9260664782581531
537 , -1136.08684961 , -1387.99268329 , 11.78534299 , 8.12375574 , 250.69732292 , -9.60774422 , -0.51479811 , -0.30892384 , -34.28276696 , 1.79156812065334
538 , -1135.95045422 , -1389.3965404 , 12.67846796 , 7.76419872 , 251.48823515 , -8.68805757 , -0.36919396 , -0.2807021 , -33.71545076 , 1.8437959566640456
539 , -1135.83397019 , -1389.30711919 , 12.38258539 , 8.04187732 , 251.21408752 , -8.75331541 , -0.86760078 , -0.59745331 , -32.31352777 , 1.8286994698081283
540 , -1135.50340636 , -1389.75643814 , 13.03597809 , 8.17123192 , 251.41727703 , -8.24173366 , -0.42911306 , -0.32638389 , -33.60227523 , 1.8305023709841781
541 , -1136.80883802 , -1389.62050121 , 12.2716856 , 8.20212689 , 250.63109763 , -8.87859688 , -0.49066708 , -0.61833998 , -33.01499833 , 1.9374381545309736
542 , -1136.44883549 , -1389.059896 , 12.32652136 , 7.82966778 , 251.23145154 , -8.99184342 , -0.57525439 , -0.33224398 , -33.97614132 , 1.8823421597988277
543 , -1136.50142796 , -1388.35639411 , 11.76706899 , 8.19797846 , 250.49099133 , -9.64343506 , -0.72146881 , -0.62116552 , -33.37936503 , 1.865263346482109
544 , -1136.69545065 , -1389.51382867 , 12.23753803 , 8.11543845 , 250.58664507 , -8.18113906 , -0.45566022 , -0.62062633 , -32.64159526 , 1.9387841778428287
545 , -1136.80598208 , -1389.63507589 , 12.28020632 , 8.20745471 , 250.63730465 , -8.88484926 , -0.49175316 , -0.62155352 , -33.03282132 , 1.93774883929357
546 , -1135.80897477 , -1388.91882973 , 12.28546715 , 8.07450551 , 250.82993397 , -8.14759119 , -0.88099255 , -0.46184131 , -32.38287149 , 1.818145534875661
547 , -1136.336916 , -1389.42881916 , 12.29729174 , 7.88336056 , 251.10715721 , -7.7005209 , -0.45988832 , -0.2754043 , -32.02530988 , 1.8089569962517653
548 , -1135.7775611 , -1389.15533455 , 12.49114507 , 8.1895241 , 251.06104267 , -7.77802938 , -0.41838411 , -0.40931225 , -33.66578238 , 1.760614307106328
549 , -1135.62942104 , -1388.67806601 , 12.21602083 , 7.78757648 , 251.2186141 , -8.14194711 , -0.43304591 , -0.32637793 , -32.40571995 , 1.7594764902613031
550 , -1136.72970636 , -1389.47907572 , 12.77165244 , 7.96639218 , 251.3208776 , -10.54661103 , -0.71783239 , -0.31399852 , -35.40459615 , 1.926505091418158
551 , -1136.79921288 , -1388.17814371 , 11.7351296 , 8.48199974 , 250.00622915 , -9.15911298 , -0.58013377 , -0.29063301 , -34.33992839 , 1.8754959523684394
552 , -1135.93142735 , -1389.35536298 , 12.44682118 , 8.50090709 , 250.79881442 , -8.77752647 , -0.56930531 , -0.42950656 , -32.51871752 , 1.8355803599257798
553 , -1136.73093616 , -1389.47781804 , 12.76918339 , 7.97216729 , 251.32155723 , -10.55989254 , -0.72728382 , -0.31382367 , -35.41941789 , 1.926085446973502
554 , -1135.21410353 , -1388.77150093 , 12.48864942 , 7.98668325 , 250.45301404 , -5.75713551 , -0.38906562 , -0.45265659 , -31.96772917 , 1.8009656796820395
555 , -1136.73068851 , -1389.46965884 , 12.76588138 , 7.97058625 , 251.31804271 , -10.56455842 , -0.72662052 , -0.31371967 , -35.41791383 , 1.9259713258514581
556 , -1136.73311203 , -1389.62006133 , 12.27598616 , 8.14005752 , 250.63945487 , -8.4275469 , -0.46924947 , -0.67124567 , -32.70704163 , 1.9442175256815495
557 , -1135.44835288 , -1388.90552391 , 12.57820149 , 7.94931206 , 251.06327682 , -8.40272839 , -0.58644374 , -0.56456151 , -33.20275846 , 1.8221719062822204
558 , -1136.41151119 , -1387.88355253 , 11.74294896 , 8.22985729 , 250.17863445 , -9.11159315 , -0.5774784 , -0.31888337 , -33.28978689 , 1.8601776595425814
559 , -1136.11850787 , -1389.4721231 , 12.38527414 , 7.92968811 , 251.02096884 , -7.2293756 , -0.50541068 , -0.47411703 , -32.00649494 , 1.808303165919364
560 , -1136.80865065 , -1388.36118827 , 11.77441534 , 8.30608772 , 250.1644463 , -8.58085423 , -0.43334535 , -0.30902409 , -33.58694978 , 1.8992917930529698
561 , -1136.30021774 , -1389.25810654 , 12.35517978 , 8.04705306 , 250.88838636 , -7.64820798 , -0.4523576 , -0.33568446 , -32.97072544 , 1.8151628536960398
562 , -1135.86989726 , -1390.72234125 , 13.6993275 , 7.85411054 , 251.92955875 , -8.93654926 , -0.46777857 , -0.35653352 , -33.92074067 , 1.8916190411803437
563 , -1136.73084975 , -1389.47461222 , 12.76815039 , 7.97142603 , 251.31972518 , -10.56108868 , -0.72526077 , -0.31373155 , -35.41907125 , 1.9260588366880724
564 , -1136.69462353 , -1389.58651343 , 12.85824504 , 7.96239928 , 251.35392166 , -10.44652492 , -0.66875156 , -0.31474842 , -35.31075033 , 1.9262198974799354
565 , -1135.6216993 , -1389.35629441 , 12.13145919 , 8.30643503 , 251.53716592 , -8.96894795 , -0.54632967 , -0.29472655 , -32.39480501 , 1.696156820183571
566 , -1136.73093021 , -1389.47732434 , 12.76908699 , 7.97153119 , 251.32091345 , -10.55920157 , -0.72556009 , -0.31380082 , -35.41757517 , 1.9261209707736093
567 , -1136.21689045 , -1388.03408442 , 11.87903739 , 8.15224989 , 250.24487582 , -8.38342967 , -0.53673141 , -0.46542493 , -33.33825293 , 1.8784284967166442
568 , -1135.68753514 , -1389.76295072 , 12.63925798 , 8.43613729 , 251.27297098 , -9.11325359 , -0.7281059 , -0.57933588 , -33.17974539 , 1.7620924641628193
569 , -1135.91537787 , -1388.2971395 , 12.17991561 , 8.10030627 , 250.70672723 , -9.01327105 , -0.86036054 , -0.2819389 , -33.38451102 , 1.7969230117628956
570 , -1136.32011035 , -1389.23205079 , 12.31421196 , 7.97368838 , 250.75076543 , -7.11557386 , -0.43311967 , -0.32697087 , -32.36158405 , 1.8469991237271022
571 , -1136.07473397 , -1389.94466418 , 12.7968189 , 8.02728868 , 251.4198589 , -9.21530146 , -0.58305528 , -0.62539037 , -33.36123444 , 1.851533673759253
572 , -1135.56963684 , -1389.34753906 , 12.7623057 , 8.10714307 , 251.23252881 , -8.66247837 , -0.62015392 , -0.47010531 , -33.60114846 , 1.8322417240602624
573 , -1135.76335917 , -1389.22110923 , 12.32617321 , 8.16744631 , 251.49830664 , -8.5501548 , -0.55454981 , -0.42654321 , -33.81755319 , 1.6838921477902489
574 , -1136.04202275 , -1389.51971514 , 12.40517035 , 8.14224909 , 251.36133417 , -8.78818472 , -0.52584274 , -0.57153736 , -33.22774618 , 1.8407758946615074
575 , -1135.86219461 , -1388.24780599 , 12.21037813 , 7.97958247 , 250.3733857 , -7.25041482 , -0.43011479 , -0.35345857 , -33.0164548 , 1.8038705280602476
576 , -1134.72396006 , -1388.54135671 , 12.5222513 , 7.98553417 , 251.18171468 , -6.05992735 , -0.34657867 , -0.56730466 , -33.20381319 , 1.5850557775345306
577 , -1135.93137402 , -1389.28409202 , 12.75135134 , 8.21123621 , 250.94515962 , -9.05493357 , -0.49530457 , -0.3978986 , -33.90074796 , 1.8115960170777243
578 , -1135.64541215 , -1390.59792523 , 13.43449848 , 7.88203189 , 251.77418393 , -7.66906066 , -0.44462147 , -0.37967858 , -33.16981367 , 1.7853621692367738
579 , -1134.59755279 , -1388.92594111 , 12.52990332 , 7.84241971 , 251.89436171 , -7.65510289 , -0.42401868 , -0.30767908 , -32.50587384 , 1.5189286739183931
580 , -1135.94534586 , -1388.92285918 , 12.4007839 , 7.92235461 , 250.74437989 , -7.54462708 , -0.41922963 , -0.34110641 , -32.63624247 , 1.8434720375073117
581 , -1135.94125004 , -1389.20164624 , 12.5862954 , 8.05758325 , 251.03245237 , -8.44364299 , -0.41658837 , -0.34864661 , -33.39183767 , 1.8324141349104441
582 , -1136.1791562 , -1388.81908145 , 12.4369405 , 7.89944548 , 251.05482822 , -9.32170001 , -0.59316804 , -0.33306007 , -34.45061278 , 1.8267188726426484
583 , -1136.0317518 , -1389.1444641 , 12.54316478 , 8.10025075 , 251.03463583 , -8.82953178 , -0.45589116 , -0.3519285 , -33.82127944 , 1.84053908825729
584 , -1135.57264199 , -1389.73782513 , 12.65353297 , 7.84759499 , 251.03633633 , -5.88044568 , -0.42317754 , -0.35146454 , -31.51164152 , 1.8707247958300433
585 , -1136.35761998 , -1389.64031917 , 12.3443 , 7.97754057 , 251.23816304 , -8.05458384 , -0.49353763 , -0.27957935 , -32.2136846 , 1.8221699289607383
586 , -1136.7303667 , -1389.46946006 , 12.76434636 , 7.97031396 , 251.32030307 , -10.56745157 , -0.72607894 , -0.3136557 , -35.41910921 , 1.9259743470864554
587 , -1135.86263369 , -1389.0342605 , 12.68118962 , 7.96909388 , 251.02566049 , -7.76711358 , -0.58076538 , -0.28267537 , -33.50869822 , 1.8189990892968633
588 , -1136.39481562 , -1389.6023935 , 12.37373666 , 8.05499806 , 250.77179836 , -8.00705905 , -0.46275879 , -0.73017648 , -32.54986728 , 1.9050104557470129
589 , -1136.35185176 , -1389.84670468 , 12.61892899 , 8.0817536 , 251.2327836 , -8.61270066 , -0.42227969 , -0.32532129 , -33.3307602 , 1.9172930655959497
590 , -1136.29704436 , -1389.44074327 , 12.20005038 , 8.07927618 , 251.19523781 , -8.46099644 , -0.66587992 , -0.30732833 , -32.36895611 , 1.8609318189717745
591 , -1136.70385855 , -1389.55785469 , 12.8484705 , 7.95709214 , 251.33240947 , -10.41936928 , -0.66834659 , -0.31383244 , -35.32512031 , 1.926262185790348
592 , -1136.79956429 , -1388.18104483 , 11.73565125 , 8.48057501 , 250.00843701 , -9.15744736 , -0.57999481 , -0.29061737 , -34.33683999 , 1.8754135615264909
593 , -1136.10581049 , -1389.9216597 , 12.40279208 , 8.3434866 , 251.08930792 , -7.79884977 , -0.55920137 , -0.43905099 , -31.84517354 , 1.8134854517650494
594 , -1136.31361916 , -1389.57151386 , 12.82193419 , 8.03076141 , 251.09483755 , -8.99811155 , -0.55466496 , -0.85573917 , -34.03734309 , 1.9035920378190432
595 , -1135.4888462 , -1389.77293665 , 13.06103555 , 8.14947249 , 251.42398334 , -8.15987535 , -0.44414435 , -0.33895822 , -33.54428855 , 1.830610953783207
596 , -1136.32836957 , -1389.93528497 , 12.65736845 , 7.89437678 , 251.45861588 , -8.72389495 , -0.40823856 , -0.32217973 , -32.95634729 , 1.920822648036598
597 , -1136.70221469 , -1389.62098392 , 12.26541539 , 8.18952299 , 250.78650622 , -8.94398585 , -0.4401313 , -0.65568465 , -33.06315383 , 1.9066971589402435
598 , -1135.9658307 , -1389.89674002 , 12.39396673 , 8.1349645 , 251.5238465 , -7.84065738 , -0.44530993 , -0.36257625 , -32.32509004 , 1.7970329475974818
599 , -1135.98864205 , -1389.35411464 , 12.73447316 , 8.05907239 , 251.12615448 , -8.60220854 , -0.4777366 , -0.32754377 , -33.9178914 , 1.8748214320054093
600 , -1136.09404506 , -1389.50715431 , 12.39959337 , 7.92421037 , 251.03738402 , -7.14561255 , -0.5136058 , -0.50511576 , -31.99150473 , 1.8039809010363785
601 , -1136.44205812 , -1389.02243805 , 12.30768196 , 7.85190463 , 251.18882667 , -8.96761284 , -0.57935346 , -0.33188254 , -33.93332381 , 1.887558520546999
602 , -1136.00122558 , -1389.58159425 , 12.71536763 , 7.97170227 , 251.46800669 , -9.44828115 , -0.4937825 , -0.32436988 , -33.35732426 , 1.837866345431839
603 , -1136.73094032 , -1389.47693132 , 12.76932819 , 7.97162065 , 251.31993949 , -10.5582616 , -0.72547108 , -0.31383537 , -35.41670521 , 1.9261412354660237
604 , -1135.57116424 , -1389.33857099 , 12.75696917 , 8.00513793 , 250.87742791 , -7.10512569 , -0.79525433 , -0.37330843 , -32.22690822 , 1.8213008489437919
605 , -1136.24404754 , -1389.81741444 , 12.67403385 , 8.06748667 , 251.08489368 , -7.97617196 , -0.41504174 , -0.31590839 , -32.80941776 , 1.9066982105336991
606 , -1136.80489947 , -1389.64679072 , 12.28495361 , 8.19343279 , 250.63819915 , -8.8244002 , -0.48519335 , -0.64737793 , -32.96551839 , 1.9418799665711526
607 , -1136.62127998 , -1388.07974426 , 11.71601652 , 8.42406644 , 249.86227703 , -8.22943462 , -0.50616748 , -0.28481062 , -33.30965138 , 1.8667703184649982
608 , -1136.79848165 , -1389.6462487 , 12.28876192 , 8.21401328 , 250.64247174 , -8.88695559 , -0.49528746 , -0.61640454 , -33.04881711 , 1.936869099665663
609 , -1136.80638667 , -1389.6153452 , 12.27024444 , 8.20727828 , 250.62092686 , -8.86753605 , -0.49287863 , -0.61392884 , -33.01212741 , 1.9370614508201285
610 , -1136.72029281 , -1389.54631764 , 12.81551257 , 7.96500419 , 251.34584625 , -10.48938909 , -0.69319182 , -0.31416143 , -35.37298963 , 1.926896932393378
611 , -1135.62939627 , -1389.09982838 , 12.41016468 , 8.17510055 , 251.31027761 , -9.01460267 , -0.43188596 , -0.34302073 , -33.50866596 , 1.7467807244168168
612 , -1135.3889713 , -1390.16181811 , 13.33050523 , 7.86095677 , 251.76646977 , -8.46062847 , -0.46858914 , -0.50295452 , -33.2563367 , 1.7924104534646093
613 , -1135.34482019 , -1389.17290671 , 12.5669273 , 8.11532546 , 250.93590101 , -8.25574161 , -0.50433689 , -1.03940205 , -32.57995387 , 1.8675641493171926
614 , -1136.27091602 , -1389.04117185 , 12.47201001 , 7.92463496 , 250.60647576 , -7.63818503 , -0.47127585 , -0.33220155 , -32.86896714 , 1.909022996680977
615 , -1136.02661999 , -1389.45617311 , 12.44790189 , 8.11230449 , 251.17510694 , -7.87226633 , -0.44272749 , -0.29953106 , -32.72593372 , 1.8055752183898275
616 , -1135.89207669 , -1388.56223208 , 12.23080574 , 7.85257593 , 250.78616186 , -7.74276121 , -0.41930714 , -0.35375709 , -33.29771427 , 1.7743018551239127
617 , -1135.85577594 , -1389.48778004 , 12.69261362 , 8.0572682 , 251.20797275 , -7.61684953 , -0.44557097 , -0.32286599 , -33.40593646 , 1.7859567703434238
618 , -1136.23918721 , -1387.40309556 , 11.33505544 , 8.2149423 , 250.00490089 , -8.127527 , -0.52249189 , -0.31229745 , -32.76341592 , 1.7913667202100543
619 , -1136.43331196 , -1387.33991911 , 11.42381251 , 8.22835575 , 249.53324801 , -7.80025166 , -0.5402715 , -0.32438311 , -32.81875084 , 1.8104763659547296
620 , -1135.4665186 , -1388.56593072 , 12.10114617 , 8.19386985 , 251.48120401 , -10.00577655 , -0.74696711 , -0.27974335 , -32.9881323 , 1.703829881256818
621 , -1134.86356965 , -1388.38694732 , 12.3152153 , 8.14498027 , 250.95594682 , -7.88345895 , -0.38089653 , -0.74883332 , -32.35267491 , 1.6935479526056152
622 , -1136.01042449 , -1387.71339229 , 11.50637129 , 8.49609093 , 250.15208733 , -8.64993341 , -0.72770426 , -0.4410182 , -33.09223193 , 1.7498453968201955
623 , -1136.3161088 , -1388.32878581 , 11.79953733 , 8.21655136 , 250.30918795 , -8.71458324 , -0.58390002 , -0.79832835 , -32.66678907 , 1.885803580432279
624 , -1136.0261955 , -1389.73590851 , 12.57307056 , 8.19697935 , 251.23267827 , -8.25008444 , -0.54880086 , -0.83139716 , -32.98319375 , 1.866972358909033
625 , -1136.37497647 , -1389.67108561 , 12.415453 , 8.03208914 , 250.80166831 , -7.69869827 , -0.48068791 , -0.78624978 , -32.45488803 , 1.913430094967482
626 , -1136.1345104 , -1390.000846 , 12.45302409 , 8.09313277 , 251.37501504 , -8.11644237 , -0.70348256 , -0.53494256 , -31.79713971 , 1.8353882234653331
627 , -1136.35120303 , -1389.8375265 , 12.67739352 , 7.84920071 , 251.37243991 , -8.6737414 , -0.39852972 , -0.3409539 , -33.07804761 , 1.9279242833399675
628 , -1136.00882542 , -1389.25330531 , 12.66707922 , 7.91113647 , 251.29777192 , -9.00203514 , -0.5629907 , -0.32345227 , -33.46102966 , 1.8596060923080346
629 , -1136.35034899 , -1389.86104949 , 12.6735752 , 7.85880611 , 251.39351236 , -8.7138887 , -0.3977068 , -0.33846274 , -33.0656095 , 1.9270267843440276
630 , -1135.87983984 , -1390.32913599 , 12.85983401 , 8.14070598 , 251.65023761 , -8.17439916 , -0.51130945 , -0.29939746 , -33.14616646 , 1.8292779816842861
631 , -1135.98503344 , -1389.45619925 , 12.49449198 , 8.31688576 , 251.06191724 , -8.69446838 , -0.52484008 , -0.3615709 , -33.26017053 , 1.8381051522042735
632 , -1136.35476647 , -1389.83110826 , 12.62200225 , 8.07227279 , 251.22786165 , -8.63237484 , -0.42139502 , -0.32413517 , -33.37216294 , 1.917741147991257
633 , -1135.48091311 , -1389.00124511 , 12.61892151 , 8.07140634 , 251.05082251 , -8.10450594 , -1.21352274 , -0.48819979 , -32.84681819 , 1.794118309212036
634 , -1136.79772688 , -1388.1985166 , 11.7421464 , 8.48271158 , 250.0216111 , -9.15788175 , -0.57741148 , -0.29055916 , -34.34557733 , 1.8752573966404489
635 , -1135.80602739 , -1389.88280496 , 12.49272696 , 8.39734754 , 251.24718086 , -8.44067258 , -0.44427008 , -0.55594427 , -32.2674528 , 1.8109552769015604
636 , -1136.4503047 , -1389.05085822 , 12.3473138 , 7.81153605 , 251.2170619 , -8.96508235 , -0.57399448 , -0.33141565 , -33.98540627 , 1.8765562746175284
637 , -1136.77482477 , -1389.22043301 , 12.35458933 , 7.80061014 , 251.45204846 , -10.64032004 , -0.69306503 , -0.32025861 , -34.53696777 , 1.8842957807143914
638 , -1135.56406959 , -1389.40629588 , 12.43765949 , 7.95640349 , 251.49626841 , -8.12107442 , -0.4445589 , -0.46430495 , -32.37729182 , 1.7241878593386069
639 , -1136.70961753 , -1389.592756 , 12.83700481 , 7.96204042 , 251.36946779 , -10.42409559 , -0.6743089 , -0.31419437 , -35.34086435 , 1.926705426450212
640 , -1136.77183188 , -1389.63830293 , 12.27174316 , 8.18878745 , 250.73082839 , -8.97028181 , -0.47694015 , -0.62371731 , -33.07282862 , 1.9241906909993844
641 , -1136.14020817 , -1389.54425051 , 12.69269276 , 7.85538698 , 251.10262338 , -7.17876546 , -0.44072641 , -0.46351621 , -33.45417734 , 1.8228175449107973
642 , -1135.93999938 , -1389.52910554 , 12.54937234 , 8.3496585 , 251.07414 , -8.62699876 , -0.52749787 , -0.31739043 , -33.20802977 , 1.8332788083771119
643 , -1134.5120599 , -1389.17610396 , 12.49555894 , 8.14198829 , 251.97613712 , -8.79919208 , -0.65805411 , -0.30334129 , -32.11534905 , 1.5393673621749175
644 , -1135.67925501 , -1390.44131659 , 13.70996938 , 7.77334991 , 251.60169645 , -7.7382283 , -0.59836872 , -0.37062163 , -33.5865917 , 1.8772404736909039
645 , -1136.13901311 , -1389.49108994 , 12.32347895 , 8.48102098 , 251.10809772 , -9.04351238 , -0.59578785 , -0.29218814 , -33.32355312 , 1.8441061816698046
646 , -1135.79537702 , -1389.96912566 , 12.8698465 , 7.84516285 , 251.63028645 , -7.3873019 , -0.47704713 , -0.52750415 , -33.28796925 , 1.811727780471432
647 , -1136.70954808 , -1389.58734613 , 12.8378193 , 7.96546537 , 251.36885251 , -10.476437 , -0.68310354 , -0.31468251 , -35.35022355 , 1.9268476743098253
648 , -1135.80705182 , -1389.34700297 , 12.76722153 , 8.14645138 , 251.01540256 , -7.3593709 , -0.41357684 , -0.40685012 , -33.98306417 , 1.8068946224992688
649 , -1135.99656304 , -1389.30698136 , 12.40672199 , 7.9097996 , 250.94118032 , -6.46743702 , -0.45217412 , -0.48369449 , -32.1682627 , 1.7953397748685527
650 , -1136.13483978 , -1389.08483113 , 12.64817378 , 8.30872332 , 250.7724893 , -8.44561681 , -0.58483479 , -0.28736656 , -34.42322638 , 1.8525367806764732
651 , -1136.80882897 , -1389.62197288 , 12.27148598 , 8.2021583 , 250.63257163 , -8.87772233 , -0.4907437 , -0.61790917 , -33.01403129 , 1.9373958251371475
652 , -1135.44384433 , -1389.38082325 , 12.27802577 , 7.92300741 , 251.26793088 , -6.94657735 , -0.42431667 , -2.2534295 , -31.79157823 , 1.7802112375748615
653 , -1135.64597621 , -1387.42832289 , 11.59467502 , 8.52001305 , 249.71519044 , -7.86451581 , -0.4743513 , -0.35790019 , -32.44125317 , 1.7573368334171147
654 , -1136.29708557 , -1389.43034941 , 12.19218002 , 8.08030244 , 251.1974023 , -8.49213434 , -0.69791747 , -0.30530301 , -32.36636335 , 1.8609320250226167
655 , -1136.49871522 , -1388.34949605 , 11.80263499 , 8.26844526 , 250.27515897 , -8.92898357 , -0.46621706 , -0.43606291 , -33.03110776 , 1.9060609589909805
656 , -1136.71623505 , -1389.46441398 , 12.77229812 , 7.98861606 , 251.30624146 , -10.52045342 , -0.73915939 , -0.31291811 , -35.44368647 , 1.923905657015246
657 , -1136.31347003 , -1389.92558689 , 12.6546332 , 7.89683055 , 251.4043391 , -8.32219401 , -0.40688764 , -0.31615598 , -32.85383646 , 1.9183013629026906
658 , -1136.14593324 , -1389.62875141 , 12.53565224 , 7.96491681 , 251.63116859 , -8.51479791 , -0.44711026 , -0.35123364 , -34.02533201 , 1.7786589390715983
659 , -1136.207112 , -1388.19613875 , 12.1736637 , 7.84225925 , 250.48049362 , -7.77300798 , -0.443043 , -0.38766149 , -33.68418185 , 1.8257207740385177
660 , -1136.30457058 , -1389.36897147 , 12.55851542 , 8.03739737 , 250.9288973 , -8.28694759 , -0.59646195 , -0.46585227 , -33.41606901 , 1.8838818281064105
661 , -1136.37021551 , -1389.6887244 , 12.42342468 , 8.02351422 , 250.81065883 , -7.63812814 , -0.4916381 , -0.79722586 , -32.42099098 , 1.9146355784501776
662 , -1136.73078611 , -1389.47300165 , 12.76652483 , 7.97103147 , 251.32002635 , -10.56313826 , -0.72638049 , -0.31370189 , -35.41761008 , 1.9259305748131699
663 , -1136.35162934 , -1389.83759767 , 12.68024103 , 7.84595219 , 251.3729438 , -8.66511287 , -0.39874941 , -0.3417488 , -33.08412729 , 1.9281385212193893
664 , -1136.79995428 , -1389.64060857 , 12.28569865 , 8.21513168 , 250.64146136 , -8.89671822 , -0.49571151 , -0.61417934 , -33.05647958 , 1.9365172580117163
665 , -1136.11960103 , -1389.25268796 , 12.44286413 , 7.91531792 , 251.06631466 , -8.1965098 , -0.64182875 , -0.79167225 , -33.29871701 , 1.8168917875028705
666 , -1136.70365241 , -1389.61214229 , 12.84861524 , 7.96222593 , 251.37538323 , -10.39250478 , -0.66652702 , -0.31399574 , -35.32535856 , 1.9264051686806924
667 , -1135.46295861 , -1389.17205522 , 12.53270637 , 8.10881868 , 251.36020001 , -7.95419725 , -0.46626731 , -0.31769297 , -33.29991811 , 1.7331196852292856
668 , -1135.93350164 , -1389.11014625 , 12.56548152 , 8.03630395 , 250.91389736 , -6.84241119 , -0.42990932 , -0.29761548 , -33.31722822 , 1.7762569375947466
669 , -1135.75546441 , -1389.28384018 , 12.31924955 , 8.40654086 , 251.23128705 , -9.39996685 , -0.56077236 , -0.31660177 , -33.05364617 , 1.765077281803578
670 , -1136.00422594 , -1389.81217798 , 12.43448174 , 8.50179066 , 251.41438753 , -8.92241366 , -0.46324465 , -0.38874916 , -33.81372379 , 1.810293994642229
671 , -1135.64928595 , -1388.9266771 , 12.31795893 , 8.16301447 , 250.99158415 , -8.04910365 , -0.44000194 , -0.43392257 , -32.91839694 , 1.744630755595264
672 , -1136.25673692 , -1388.58398223 , 11.86199846 , 8.19561782 , 250.5324521 , -8.12548159 , -0.4766434 , -0.37042684 , -32.35091885 , 1.8341944370923449
673 , -1136.07738152 , -1389.44855734 , 12.70914839 , 8.05550466 , 251.06746452 , -8.18227827 , -0.42216119 , -0.36809745 , -33.35602228 , 1.8262074801904593
674 , -1136.09569402 , -1389.33169791 , 12.58026919 , 8.32667526 , 250.87554385 , -8.70461151 , -0.68862703 , -0.37795035 , -33.67964469 , 1.838860602564341
675 , -1135.13011658 , -1389.68324221 , 12.57027654 , 7.9371268 , 251.1311397 , -7.08494726 , -0.4430513 , -1.36149972 , -30.98587926 , 1.8183652948076816
676 , -1135.90703981 , -1388.99600584 , 12.52355485 , 8.32146218 , 250.7764584 , -8.52883528 , -0.51764049 , -0.34439455 , -33.71173261 , 1.8356279136474374
677 , -1136.09051193 , -1389.90322651 , 12.35217762 , 8.1987136 , 251.10973157 , -7.76681243 , -0.54743869 , -0.57589413 , -31.47781787 , 1.8357520362980937
678 , -1135.68047235 , -1390.4337271 , 13.7099379 , 7.7725809 , 251.59430361 , -7.73623413 , -0.59447956 , -0.37152428 , -33.59894909 , 1.8776446545161691
679 , -1136.29995943 , -1389.57518372 , 12.48039534 , 7.96802811 , 251.07175427 , -7.76833403 , -0.44199707 , -0.34112777 , -32.5125988 , 1.8474052374907384
680 , -1136.01322584 , -1389.38110796 , 12.60334059 , 7.88786245 , 251.30983837 , -8.15261866 , -0.57958604 , -0.93535971 , -33.50688322 , 1.8040960403517952
681 , -1135.86773416 , -1389.07210209 , 12.66072852 , 7.95549611 , 251.10658438 , -7.88783658 , -0.5503032 , -0.28441236 , -33.51590862 , 1.8071990840198875
682 , -1136.6726402 , -1387.92515155 , 11.65657513 , 8.03755949 , 250.20082524 , -8.31504485 , -0.44997254 , -0.30540708 , -33.45115554 , 1.871944553689662
683 , -1136.02085459 , -1389.85196372 , 12.35191929 , 8.19523574 , 251.21608703 , -7.4552998 , -0.41123497 , -0.51085193 , -32.15812205 , 1.7983225221242738
684 , -1136.73032219 , -1389.48549958 , 12.77288989 , 7.97320765 , 251.32557387 , -10.5560963 , -0.7298441 , -0.31412409 , -35.41862152 , 1.9262943934673313
685 , -1135.6644957 , -1389.66361306 , 12.42942368 , 8.33816804 , 251.50523858 , -8.40039759 , -0.5057148 , -0.29774173 , -32.60826917 , 1.7303221521861143
686 , -1135.52255352 , -1388.78838084 , 12.73012178 , 8.03130204 , 250.42673471 , -6.62961138 , -0.67629541 , -0.4767703 , -32.40044028 , 1.831857963779978
687 , -1136.34355307 , -1389.92019927 , 12.66211593 , 7.87911493 , 251.45804394 , -8.84893176 , -0.40166862 , -0.32814258 , -33.0170416 , 1.922554769566947
688 , -1136.28543626 , -1388.7908502 , 12.11708645 , 7.89244192 , 250.53127828 , -8.10387643 , -0.48764991 , -1.60482899 , -32.45376753 , 1.940469952588173
689 , -1136.11268727 , -1389.89937905 , 12.40715698 , 8.31684596 , 251.08567257 , -7.75096467 , -0.56311311 , -0.44581335 , -31.83598525 , 1.8179368875293411
690 , -1136.26978066 , -1388.74033692 , 12.26567431 , 7.99480721 , 250.7903262 , -8.71966603 , -0.60518519 , -0.32427403 , -33.34877117 , 1.8438780727780175
691 , -1136.72207357 , -1389.54094654 , 12.81021085 , 7.96494436 , 251.34515657 , -10.49076187 , -0.69464638 , -0.31401138 , -35.37881981 , 1.9268307306629122
692 , -1136.67412431 , -1387.88523864 , 11.64363942 , 8.04129225 , 250.17117828 , -8.32873719 , -0.45096933 , -0.30650955 , -33.43839424 , 1.8734160901897325
693 , -1135.53955322 , -1390.11641706 , 12.4917663 , 8.47993387 , 251.69179406 , -8.18508585 , -0.56570662 , -0.2863486 , -32.03040509 , 1.7248116957763284
694 , -1135.84741035 , -1388.82207443 , 11.83816906 , 8.27228451 , 250.99900911 , -8.2149138 , -0.51390427 , -0.27670209 , -31.59439283 , 1.7468544704982443
695 , -1136.80677201 , -1389.6120611 , 12.26680267 , 8.20501187 , 250.62895634 , -8.8849412 , -0.49246984 , -0.6099684 , -33.02384862 , 1.9360821955510057
696 , -1136.06987241 , -1389.69626188 , 12.45591031 , 7.97319742 , 251.59368996 , -9.2757373 , -0.54095184 , -0.42008476 , -33.02043511 , 1.8014199341673778
697 , -1135.79895994 , -1389.3276919 , 12.58989302 , 8.00702528 , 251.28216275 , -8.12860522 , -0.40791433 , -0.33581127 , -33.55634342 , 1.79777893492789
698 , -1136.34892925 , -1389.82780519 , 12.62379149 , 8.07341781 , 251.22667284 , -8.63683006 , -0.42191823 , -0.32449228 , -33.36968317 , 1.9167707929571811
699 , -1136.56321076 , -1388.00538336 , 11.70487352 , 8.37345891 , 249.8565467 , -8.19371714 , -0.52153436 , -0.27577466 , -33.04946293 , 1.8553380105284238
700 , -1136.10344846 , -1389.25594181 , 12.68596064 , 8.26452128 , 250.90890578 , -8.26053371 , -0.57316551 , -0.2869938 , -34.2486292 , 1.8462798655883335
701 , -1136.37673297 , -1389.23213499 , 12.1885358 , 7.92486248 , 250.93671889 , -8.09992318 , -0.46830762 , -0.48890591 , -32.71612363 , 1.8829367921548839
702 , -1136.80046999 , -1388.17785652 , 11.73479725 , 8.48104679 , 250.00391978 , -9.16021174 , -0.58244366 , -0.29082969 , -34.33430843 , 1.875836977384456
703 , -1135.94142143 , -1389.56830082 , 12.92667838 , 7.95931931 , 251.46775788 , -9.29064242 , -0.46547095 , -0.34530674 , -34.08622705 , 1.881595336591082
704 , -1135.73543004 , -1390.00874578 , 12.73327247 , 8.02948901 , 251.71190018 , -7.46715242 , -0.41789065 , -0.43234784 , -33.24406419 , 1.7649102655248947
705 , -1136.1412119 , -1387.99375175 , 11.5702996 , 8.35958086 , 250.37169078 , -9.63686226 , -0.64634473 , -0.41888885 , -32.82412785 , 1.799307781553664
706 , -1136.40016243 , -1389.16314841 , 12.48985258 , 7.93981863 , 250.88658923 , -8.59046714 , -0.47446681 , -0.46085108 , -33.5724712 , 1.867066143423437
707 , -1136.33297382 , -1389.92063197 , 12.66332544 , 7.887802 , 251.44702628 , -8.75302105 , -0.40783559 , -0.32444376 , -32.97126382 , 1.9219543161065333
708 , -1135.63004291 , -1389.65969881 , 12.5134562 , 7.85227984 , 251.57317859 , -7.34194022 , -0.5572896 , -0.54114265 , -31.43845002 , 1.7769289443546459
709 , -1134.12351427 , -1388.89778884 , 12.44954317 , 8.27139033 , 251.019142 , -6.52060061 , -0.61412554 , -0.58389775 , -30.68890206 , 1.6759495272362148
710 , -1136.64720925 , -1387.89002758 , 11.55413222 , 8.04203087 , 250.21082022 , -9.18502606 , -0.42747161 , -0.5815172 , -33.45712687 , 1.875922765982516
711 , -1135.81239517 , -1388.91317501 , 12.55568641 , 8.09082947 , 250.45255713 , -6.60702112 , -0.46209139 , -0.46360235 , -32.55842889 , 1.8126082493099207
712 , -1136.39416695 , -1388.10971389 , 11.76005045 , 8.17579563 , 250.63499934 , -9.33895129 , -0.52894931 , -0.32774058 , -34.24165443 , 1.8091945797153905
713 , -1136.21870502 , -1389.45674084 , 12.55401619 , 7.92329265 , 251.33058658 , -8.84406533 , -0.44560987 , -0.62346226 , -33.43842351 , 1.8314654614643597
714 , -1135.81805727 , -1389.18492809 , 12.28126738 , 8.07054434 , 250.74032495 , -6.51566017 , -0.40843033 , -0.97229991 , -32.17080201 , 1.7744625528583529
715 , -1136.01004014 , -1389.2703821 , 12.6726349 , 7.93728563 , 251.30468406 , -9.08552516 , -0.56135637 , -0.32344253 , -33.52666818 , 1.8610868734732489
716 , -1136.17623503 , -1388.87649914 , 12.12957737 , 7.90709579 , 250.65924612 , -7.0648341 , -0.49168226 , -0.41934279 , -31.47419958 , 1.83426328287057
717 , -1136.29305209 , -1389.4255474 , 12.47742932 , 7.88007389 , 251.11798088 , -7.56543259 , -0.58959935 , -0.51144403 , -33.34563133 , 1.831292195472133
718 , -1136.24719918 , -1389.48927979 , 12.78804811 , 7.98864475 , 251.2339647 , -8.84600585 , -0.58191192 , -0.31199695 , -34.24975233 , 1.882783741499193
719 , -1136.7725557 , -1389.61994399 , 12.27220356 , 8.17470928 , 250.7205023 , -8.94584707 , -0.46687673 , -0.6514318 , -33.01832254 , 1.927410974534361
720 , -1136.30620348 , -1389.87843529 , 12.68495051 , 7.82516435 , 251.45861025 , -8.68423869 , -0.40647081 , -0.33365506 , -33.08465855 , 1.9135938923486777
721 , -1136.71230108 , -1389.57462772 , 12.83252673 , 7.96047291 , 251.36110635 , -10.45137314 , -0.67925624 , -0.31397765 , -35.35019867 , 1.9268053111331263
722 , -1135.92574393 , -1389.87922568 , 12.48956897 , 8.404748 , 251.56453499 , -8.98753594 , -0.49396866 , -0.35226056 , -33.61130834 , 1.8151733922704416
723 , -1135.70456556 , -1389.10564798 , 12.16054241 , 8.31279297 , 250.66461353 , -7.11372628 , -0.57521158 , -0.90646846 , -31.52453114 , 1.782948442119951
724 , -1135.19339976 , -1389.06211173 , 12.74459616 , 8.27150797 , 250.71738402 , -8.79773749 , -0.56822034 , -0.70451771 , -32.91352219 , 1.839839688551514
725 , -1136.01069141 , -1389.24098178 , 12.66971119 , 7.92193905 , 251.28896446 , -9.08267265 , -0.56038259 , -0.32316946 , -33.50276133 , 1.860717786206406
726 , -1135.56749645 , -1388.8894172 , 12.07053276 , 8.43040374 , 250.68786019 , -7.21114439 , -0.49008611 , -0.80154316 , -31.66959465 , 1.7569092239765467
727 , -1136.580472 , -1389.58545647 , 12.29841114 , 8.25397626 , 250.65109233 , -8.30125505 , -0.5232798 , -0.55097198 , -32.76238115 , 1.9096295168247275
728 , -1136.34597022 , -1389.89643584 , 12.66627352 , 7.86392107 , 251.44418567 , -8.81386949 , -0.40524415 , -0.32937412 , -33.02490978 , 1.9233970374742868
729 , -1136.54824771 , -1388.64000264 , 12.26387187 , 8.03856422 , 250.55449176 , -9.15469396 , -0.53004367 , -0.29421877 , -34.07608147 , 1.8715325349158334
730 , -1135.69901283 , -1389.7380471 , 12.61188073 , 7.88362753 , 251.54058363 , -7.31734328 , -0.43255133 , -0.46570848 , -32.20313968 , 1.7206349839020885
731 , -1136.12040468 , -1389.47913185 , 12.39248472 , 7.91946656 , 251.00956288 , -7.23963513 , -0.4992154 , -0.47441983 , -31.90280646 , 1.806509322497303
732 , -1136.43788723 , -1389.46371458 , 12.29489207 , 8.02471455 , 251.07937664 , -8.82424883 , -0.48846851 , -0.45059124 , -33.09992086 , 1.8877464270737347
733 , -1136.07470728 , -1389.29721099 , 12.64472392 , 8.0799819 , 250.97477904 , -7.64965146 , -0.46893955 , -0.33233487 , -33.47953945 , 1.7962061235393245
734 , -1136.30878301 , -1389.36319513 , 12.15582302 , 8.0727289 , 251.15799194 , -8.52249211 , -0.70706974 , -0.30759647 , -32.35304858 , 1.8620062006607503
735 , -1136.33679119 , -1387.85945327 , 11.69371614 , 7.98403424 , 250.72365996 , -9.3347565 , -0.52103262 , -0.32798724 , -33.98224809 , 1.7924401538544308
736 , -1135.88507118 , -1389.23596249 , 12.69501974 , 8.18448707 , 251.1666818 , -8.89198866 , -0.50062964 , -0.28269576 , -34.07466834 , 1.8306157109806958
737 , -1135.9147995 , -1389.62244441 , 12.98727667 , 7.96724133 , 251.40233206 , -8.89444536 , -0.4602186 , -0.32669124 , -34.00451765 , 1.8806361266156753
738 , -1135.78795941 , -1389.14836376 , 12.50332699 , 8.15211662 , 251.09139755 , -7.98203665 , -0.42636514 , -0.41719919 , -33.69608064 , 1.767599628976427
739 , -1135.99975526 , -1389.16468955 , 12.65019965 , 8.05435672 , 251.01249443 , -8.68520824 , -0.47156941 , -0.31571955 , -33.94170576 , 1.8749134766884976
740 , -1136.60800535 , -1389.59741959 , 12.30588033 , 7.90496381 , 251.31938887 , -8.94875217 , -0.42488768 , -0.33777995 , -33.56189406 , 1.878961319353851
741 , -1135.95795578 , -1389.23478269 , 12.55261803 , 8.0879295 , 251.11029509 , -8.57155012 , -0.43356747 , -0.32672083 , -33.49441369 , 1.840121941054219
742 , -1136.73088633 , -1389.4792597 , 12.76894472 , 7.97183266 , 251.32284038 , -10.55957346 , -0.72496304 , -0.3137299 , -35.41884273 , 1.92605588735246
743 , -1135.95676648 , -1390.40270241 , 13.60652706 , 7.69493265 , 251.87549179 , -9.2588764 , -0.46486793 , -0.35879009 , -34.09218152 , 1.902111054852975
744 , -1136.69430644 , -1389.23407264 , 12.42400908 , 7.91849927 , 250.98164988 , -8.76541747 , -0.51045198 , -0.31631722 , -34.59431224 , 1.8972606002413839
745 , -1136.4344157 , -1389.47986464 , 12.29966679 , 8.02264211 , 251.09460654 , -8.8400722 , -0.48795586 , -0.46188333 , -33.08947394 , 1.8890802779845053
746 , -1136.7905784 , -1389.6525537 , 12.29327997 , 8.22390057 , 250.64932659 , -8.89409604 , -0.50026301 , -0.60770085 , -33.06794711 , 1.9356562488411886
747 , -1136.80798983 , -1389.63313419 , 12.28081793 , 8.2045769 , 250.63640132 , -8.88794744 , -0.4909535 , -0.62214511 , -33.02901021 , 1.9378037401038812
748 , -1135.53496842 , -1389.33738596 , 12.48480304 , 7.9701577 , 251.06077255 , -8.05155031 , -0.45440509 , -0.95531408 , -32.47141753 , 1.8470364742309786
749 , -1135.90991276 , -1390.32075262 , 12.8820148 , 8.01935417 , 251.96178157 , -8.83940967 , -0.58103654 , -0.41106802 , -33.25865958 , 1.8150549666413256
750 , -1135.50129772 , -1388.38104736 , 11.8835471 , 8.2935456 , 250.26769138 , -6.8943905 , -0.41153971 , -0.341637 , -31.58596506 , 1.754956450526166
751 , -1135.66763775 , -1389.38666087 , 12.31823752 , 8.10996561 , 251.07662812 , -7.07922418 , -0.46960134 , -1.1022687 , -32.17941772 , 1.777204189228412
752 , -1135.76752703 , -1389.47677793 , 12.61602208 , 8.29908348 , 251.35836863 , -8.79991192 , -0.56278793 , -0.3422156 , -33.14733556 , 1.7899857558058514
753 , -1134.9270637 , -1389.55581773 , 12.39737289 , 8.00548588 , 251.73591298 , -8.04471599 , -0.56053038 , -0.54618066 , -31.26522238 , 1.6824131676738743
754 , -1135.55056559 , -1389.7085086 , 12.80170571 , 8.09796503 , 251.2001227 , -7.17227512 , -0.74872604 , -0.30032621 , -32.52708806 , 1.7973058146942702
755 , -1135.97444401 , -1389.14477178 , 12.49499356 , 7.86469224 , 251.01990013 , -7.77925691 , -0.38603521 , -0.36054936 , -33.13095618 , 1.7623454260878508
756 , -1134.93536491 , -1389.99531565 , 12.90733939 , 8.2254405 , 251.33655008 , -8.46851455 , -0.65473379 , -1.37599957 , -31.728537 , 1.8537500653039067
757 , -1135.59883211 , -1389.11484358 , 12.5316583 , 8.17174105 , 250.6286742 , -6.87812625 , -0.42079564 , -0.91840288 , -32.28902543 , 1.7930693244123248
758 , -1135.05279358 , -1388.12321682 , 11.7161107 , 8.43763012 , 251.00703228 , -7.96916653 , -0.41098822 , -0.29821971 , -32.7164068 , 1.647477026904331
759 , -1136.3815901 , -1389.81631406 , 12.63227608 , 8.03516783 , 251.23022114 , -8.65591936 , -0.41390086 , -0.32174072 , -33.47439556 , 1.9225283687007289
760 , -1136.29804318 , -1389.54876973 , 12.79102768 , 7.9438248 , 251.32467287 , -9.0100325 , -0.62600556 , -0.304251 , -34.23822323 , 1.8946517619142458
761 , -1136.01660037 , -1389.47399441 , 12.50816798 , 7.98963978 , 251.18801043 , -7.5202777 , -0.40738066 , -0.42171752 , -33.26608895 , 1.789029941438669
762 , -1136.70513932 , -1389.47953032 , 12.77666021 , 8.00056768 , 251.30225154 , -10.4682727 , -0.7381348 , -0.31307628 , -35.42477396 , 1.9221411940134236
763 , -1136.34687355 , -1389.8737377 , 12.66379704 , 7.87663882 , 251.40452671 , -8.78396684 , -0.39771854 , -0.33377425 , -33.0353618 , 1.92514725356044
764 , -1136.06487528 , -1391.35584114 , 13.66749949 , 7.77816285 , 252.35686993 , -8.11558737 , -0.45705098 , -0.50745074 , -33.66602468 , 1.8541414845527018
765 , -1136.68996708 , -1389.2587322 , 12.3729497 , 7.7527422 , 251.41546879 , -9.9463046 , -0.5596924 , -0.30356969 , -34.07666392 , 1.8732655314188258
766 , -1135.86995798 , -1390.73772974 , 13.70055147 , 7.85028858 , 251.96736871 , -9.0294737 , -0.4796999 , -0.35569137 , -33.94915569 , 1.8904764517142354
767 , -1136.38309504 , -1389.15981107 , 12.43931613 , 7.99380865 , 251.12927278 , -8.99803025 , -0.41854065 , -0.31321575 , -34.36740881 , 1.8492522482976739
768 , -1135.91156808 , -1389.4002182 , 12.86976633 , 7.9901104 , 251.23782706 , -8.67569618 , -0.45616528 , -0.31744958 , -33.98071281 , 1.8775334349941986
769 , -1136.24745485 , -1389.39290373 , 12.60145214 , 7.91544599 , 251.24774765 , -8.76828889 , -0.57873406 , -0.47963177 , -33.63670426 , 1.8374557201618693
770 , -1135.67642401 , -1389.02662146 , 12.5081955 , 8.24649409 , 250.78284956 , -7.3343457 , -0.41155772 , -0.40781946 , -33.17248778 , 1.7757288437247338
771 , -1136.73076953 , -1389.48168917 , 12.77084657 , 7.97336235 , 251.32325404 , -10.5582429 , -0.72871196 , -0.31388374 , -35.4206372 , 1.9260844884449901
772 , -1135.99813006 , -1389.04835292 , 12.22992253 , 7.95555724 , 251.10606938 , -7.9283469 , -0.71062174 , -0.31094223 , -32.95992899 , 1.7744627212704926
773 , -1135.80790853 , -1388.94209424 , 12.68118506 , 7.99566926 , 250.77012427 , -7.04803389 , -0.51428729 , -0.29324424 , -33.37719398 , 1.817129473129384
774 , -1136.14583121 , -1390.07348183 , 12.66298808 , 7.92284133 , 251.59929464 , -8.07847529 , -0.42861526 , -0.3034363 , -32.78626362 , 1.8923190783430135
775 , -1136.00161299 , -1389.14715967 , 12.31643672 , 7.94907692 , 250.75503831 , -7.09470711 , -0.45391366 , -0.43295303 , -31.9957356 , 1.8217763063847858
776 , -1136.32915656 , -1390.08463999 , 12.5160343 , 8.17878943 , 251.28315848 , -8.55544207 , -0.50462428 , -0.63101457 , -32.42680979 , 1.8481770388768886
777 , -1136.17104627 , -1388.07117691 , 11.55718646 , 8.49397214 , 250.28680858 , -9.41839636 , -0.59026215 , -0.39045773 , -32.7299259 , 1.8124278641921017
778 , -1136.01183826 , -1389.21324573 , 12.64735873 , 7.90755144 , 251.2839975 , -9.0698335 , -0.55432043 , -0.32351367 , -33.44651866 , 1.859240572433373
779 , -1136.54330756 , -1388.59607062 , 11.81503857 , 8.22022598 , 250.75945518 , -9.10418686 , -0.56039599 , -0.27495521 , -33.08437876 , 1.8351688439424743
780 , -1136.78248783 , -1389.22566367 , 12.34117552 , 7.81152708 , 251.44012783 , -10.63735704 , -0.67503093 , -0.32453158 , -34.51529639 , 1.8873975316829559
781 , -1136.71216141 , -1389.42893058 , 12.75762612 , 7.96476462 , 251.30417429 , -10.57470018 , -0.70325375 , -0.31280677 , -35.42154979 , 1.9253519572299664
782 , -1135.08662051 , -1388.76519101 , 12.68145325 , 8.15104528 , 250.9271711 , -7.72530193 , -0.3296193 , -0.3305535 , -33.3452921 , 1.7585400725653293
783 , -1135.70560396 , -1389.73399609 , 12.60930786 , 8.07748703 , 251.37336159 , -7.3459397 , -0.80184687 , -0.30999498 , -32.07218711 , 1.82463909914346
784 , -1136.07481485 , -1388.98368707 , 12.53667425 , 8.27920899 , 250.91532102 , -8.79517141 , -0.61535981 , -0.2863142 , -34.44424879 , 1.835176925029823
785 , -1135.39621691 , -1387.75788756 , 11.6658729 , 8.84755797 , 249.45898344 , -6.78486142 , -0.54991316 , -1.06714786 , -31.42527139 , 1.848244158889649
786 , -1135.81108243 , -1389.83819318 , 12.42505506 , 8.00445563 , 251.61250579 , -7.79469928 , -0.45496064 , -0.60239316 , -32.46214641 , 1.737538258186134
787 , -1136.29327614 , -1389.60856964 , 12.42886612 , 8.06903488 , 251.15735494 , -9.26342874 , -0.80937748 , -0.36770536 , -31.90403717 , 1.8695905115650981
788 , -1135.78349502 , -1389.74356127 , 12.70331632 , 8.04119678 , 251.11409464 , -8.6683188 , -0.78412684 , -0.77307541 , -31.8398199 , 1.8923801533609912
789 , -1136.39467564 , -1387.61607179 , 11.5630237 , 7.98404127 , 249.64517392 , -7.23833049 , -0.43496175 , -0.72389179 , -32.09470116 , 1.8910904645664395
790 , -1136.32788852 , -1389.52986438 , 12.60342025 , 7.93866495 , 251.0462184 , -9.31267049 , -0.62903222 , -1.40923584 , -33.18475121 , 1.9303338498409484
791 , -1136.2168727 , -1389.50903916 , 12.74493965 , 7.91074916 , 251.12540286 , -9.41336093 , -0.656601 , -0.62914715 , -32.98737025 , 1.9391285635709168
792 , -1136.2593494 , -1388.24688319 , 11.89651322 , 8.39735869 , 250.43602591 , -9.71879548 , -0.68168136 , -0.362403 , -33.23524103 , 1.8716858350558803
793 , -1136.80200698 , -1388.16980641 , 11.73124041 , 8.48054977 , 249.99504928 , -9.16099604 , -0.58611812 , -0.29103702 , -34.32335049 , 1.8762529324819097
794 , -1136.73116178 , -1388.37552271 , 11.87946383 , 8.2431358 , 250.5346332 , -9.74787665 , -0.54136442 , -0.32041288 , -34.16340276 , 1.927073146332415
795 , -1136.29866532 , -1388.39714368 , 11.94692705 , 8.3812927 , 250.24926245 , -8.60653571 , -0.55899507 , -0.42053086 , -33.24675516 , 1.848479630732428
796 , -1136.34914933 , -1389.86881435 , 12.6654933 , 7.87024852 , 251.40200933 , -8.76615658 , -0.39761402 , -0.33506481 , -33.04783644 , 1.9256501799607841
797 , -1136.26682339 , -1389.50191018 , 12.77961577 , 7.98527628 , 251.24117807 , -8.84787025 , -0.64292827 , -0.30704265 , -34.13972415 , 1.882931606124477
798 , -1136.61366209 , -1387.79467539 , 11.74292176 , 7.92469438 , 250.19988982 , -8.53511815 , -0.42840107 , -0.35683743 , -33.85929276 , 1.8799905118192133
799 , -1136.61438987 , -1388.04930737 , 11.87507333 , 7.96139595 , 250.35432923 , -8.89601004 , -0.42954252 , -0.37838145 , -34.00872591 , 1.8849431472085572
800 , -1136.28583755 , -1388.75789076 , 12.11478464 , 7.88839707 , 250.51660167 , -8.15421506 , -0.49114632 , -1.5821823 , -32.46177201 , 1.940232774952965
801 , -1136.3311209 , -1389.50255556 , 12.59398551 , 7.94029863 , 251.02122868 , -9.31173744 , -0.62564404 , -1.4140506 , -33.17927688 , 1.9301996160424946
802 , -1136.83364252 , -1387.44120982 , 11.28052931 , 8.33013757 , 249.64630671 , -8.94799182 , -0.58455515 , -0.37766617 , -32.09392449 , 1.916599690867513
803 , -1136.82413943 , -1387.48181551 , 11.2957877 , 8.32922261 , 249.67117887 , -8.98810868 , -0.58510862 , -0.39412596 , -32.12348904 , 1.9191424600352267
804 , -1135.88331329 , -1389.24341451 , 12.60519165 , 8.14818474 , 250.82017544 , -7.53389376 , -0.40767099 , -0.32081621 , -33.08174918 , 1.8217142542114335
805 , -1135.89100463 , -1389.53504547 , 12.54648123 , 8.08549743 , 251.08032598 , -8.59936653 , -0.62018395 , -0.51468924 , -33.11305584 , 1.854329462145342
806 , -1136.15097399 , -1390.2014794 , 13.21755067 , 7.87791029 , 251.24441815 , -7.54624028 , -0.3624864 , -0.65985668 , -33.82990153 , 1.9139931786993294
807 , -1135.4254345 , -1389.20543101 , 12.38391805 , 8.09891335 , 251.14928619 , -8.7075991 , -0.77224987 , -1.39997298 , -32.30903093 , 1.8457965503177236
808 , -1135.71257759 , -1389.06968548 , 12.52016424 , 8.00388039 , 250.6142288 , -8.01452494 , -0.3945101 , -0.77135924 , -32.77397776 , 1.8881506280503895
809 , -1136.43272692 , -1388.85725317 , 12.57536379 , 8.04501348 , 250.39742815 , -8.5329184 , -0.62081162 , -0.41329683 , -33.91237364 , 1.9424362926174192
810 , -1136.32090713 , -1390.43001422 , 13.20482996 , 7.80149908 , 251.53432038 , -7.97000232 , -0.38418111 , -0.55255449 , -33.65268384 , 1.879623990492077
811 , -1136.34313917 , -1390.45873773 , 13.24815506 , 7.78021538 , 251.60763405 , -8.38991057 , -0.39001131 , -0.52908577 , -33.88329034 , 1.8801938956929038
812 , -1136.49397934 , -1389.31241169 , 12.3969237 , 7.83949177 , 251.24187253 , -8.61305371 , -0.44242109 , -0.32133794 , -33.8536915 , 1.8431295692671388
813 , -1136.18190224 , -1389.2671473 , 12.33418623 , 8.0490147 , 250.72435691 , -7.48661183 , -0.5893044 , -0.72702593 , -32.4450922 , 1.8485309427562144
814 , -1135.51553664 , -1389.54918674 , 12.49703487 , 8.36727202 , 250.66595447 , -7.35116888 , -0.54605642 , -1.54762185 , -32.35211966 , 1.864901607241016
815 , -1135.76986771 , -1389.07300678 , 12.48467333 , 8.13611097 , 250.891594 , -8.19375841 , -0.65030175 , -0.67591817 , -32.62135513 , 1.8642086004816207
816 , -1136.4891813 , -1389.26040438 , 12.41161923 , 7.82264091 , 251.19859173 , -8.56158726 , -0.42297437 , -0.31740569 , -33.83421264 , 1.8493427941892495
817 , -1135.73175429 , -1388.43980371 , 11.92573491 , 8.32433938 , 250.35082021 , -8.63816269 , -0.50465112 , -0.77212463 , -32.60209933 , 1.8876420305609385
818 , -1135.83810944 , -1389.18647239 , 12.62561468 , 8.2728828 , 250.69498688 , -7.63971656 , -0.49355232 , -0.46807661 , -32.90641833 , 1.8736285410960616
819 , -1135.82081609 , -1389.32199785 , 12.65431675 , 8.31865896 , 250.65939882 , -7.43941259 , -0.49030171 , -0.62130184 , -32.62869499 , 1.8897308160183177
820 , -1136.58728474 , -1389.75863686 , 12.33822888 , 8.16535171 , 251.13376397 , -8.75675721 , -0.53698119 , -0.28052934 , -32.9072469 , 1.8928209831475604
821 , -1136.56015696 , -1389.56307171 , 12.30944575 , 8.20895131 , 250.8330161 , -7.56946522 , -0.44115283 , -0.34852706 , -33.1342069 , 1.8872710712383707
822 , -1136.20496679 , -1389.71676991 , 12.70757338 , 8.02052171 , 251.16241234 , -7.66160328 , -0.38660321 , -0.77708991 , -33.6843918 , 1.8766492233120513
823 , -1136.80833663 , -1387.40968492 , 11.30304376 , 8.29655506 , 249.59438816 , -8.94220276 , -0.53169858 , -0.40294703 , -32.39785026 , 1.9102746245561069
824 , -1136.55237368 , -1389.80008884 , 12.52966503 , 8.09140867 , 251.1618599 , -8.354981 , -0.43938052 , -0.28908336 , -33.45026318 , 1.8917875944642244
825 , -1136.27084747 , -1389.21498733 , 12.4748479 , 8.2037425 , 250.90606141 , -9.31885037 , -0.50126881 , -0.40989627 , -33.65372225 , 1.9038914573060834
826 , -1136.56886961 , -1389.86241091 , 12.54511922 , 8.09290819 , 251.21801623 , -8.46976217 , -0.43578988 , -0.28763724 , -33.4848239 , 1.895164273836237
827 , -1135.56385797 , -1389.72521687 , 12.75346545 , 8.30844988 , 251.24368561 , -7.85374183 , -0.56488421 , -0.45513844 , -33.1183008 , 1.823557387645686
828 , -1136.29127775 , -1389.6285135 , 12.67714772 , 7.99612288 , 250.8947577 , -7.44922647 , -0.37350743 , -0.67383957 , -33.07667887 , 1.8740786924573087
829 , -1136.58984067 , -1388.60850805 , 12.18162068 , 8.13569544 , 250.31849773 , -8.1747451 , -0.5303926 , -0.3817103 , -33.84889541 , 1.891901344409305
830 , -1136.60957793 , -1388.60092807 , 12.19385168 , 8.13648278 , 250.29341031 , -8.21597896 , -0.52352664 , -0.3867231 , -33.90142373 , 1.8956445002924505
831 , -1135.95851816 , -1392.37812985 , 14.3725417 , 7.44895768 , 252.48645695 , -7.27634694 , -0.39694366 , -1.5284325 , -32.61399459 , 1.9308104331922422
832 , -1135.88696818 , -1388.87989823 , 12.32151226 , 8.41849785 , 250.34635316 , -8.17209394 , -0.53186968 , -1.20873434 , -32.85509735 , 1.9272544798511924
833 , -1135.94065494 , -1389.68321198 , 12.31191166 , 8.05117612 , 251.10132504 , -8.90341937 , -0.7592484 , -2.09996488 , -32.29975449 , 1.8699516087670283
834 , -1135.95764111 , -1392.3563929 , 14.37137874 , 7.44925526 , 252.46730115 , -7.25670798 , -0.39701492 , -1.4928299 , -32.62388605 , 1.9318143439217683
835 , -1135.92264238 , -1391.83463113 , 13.83777163 , 7.60019881 , 252.1964299 , -7.02347817 , -0.39687736 , -1.89246035 , -32.36489422 , 1.915914474971592
836 , -1135.95691126 , -1392.36121261 , 14.37443965 , 7.44998784 , 252.47246931 , -7.25806048 , -0.39653753 , -1.48482287 , -32.63766223 , 1.932473091627882
837 , -1135.95682323 , -1392.33948534 , 14.36909783 , 7.44979085 , 252.45406019 , -7.25136394 , -0.39572419 , -1.4931151 , -32.63429503 , 1.931775464186378
838 , -1135.95631475 , -1392.34703613 , 14.37504079 , 7.45046672 , 252.45837119 , -7.25256377 , -0.39758991 , -1.45782239 , -32.64308049 , 1.9333051115359143
839 , -1135.95837 , -1392.36559306 , 14.37138018 , 7.44891931 , 252.47444875 , -7.26682032 , -0.39720728 , -1.51235185 , -32.61431528 , 1.9311114918387298
840 , -1135.95730888 , -1392.37651786 , 14.37159577 , 7.44780805 , 252.49033066 , -7.29108214 , -0.39473155 , -1.57097981 , -32.61846178 , 1.9294975593968995
841 , -1135.914698 , -1389.36329131 , 12.3901632 , 8.10680782 , 251.17661557 , -8.40044797 , -0.47447806 , -0.37449873 , -32.71349877 , 1.8303766434159372
842 , -1136.23099482 , -1389.76763015 , 12.65965018 , 7.84523358 , 251.25539487 , -8.20283393 , -0.41310525 , -0.79612951 , -32.74574812 , 1.8852994606169386
843 , -1136.55292677 , -1390.56641894 , 13.04525848 , 8.01016228 , 251.65012434 , -8.47548529 , -0.38689112 , -0.37309878 , -34.171027 , 1.8806161032097777
844 , -1136.11568687 , -1389.54093437 , 12.3626591 , 8.47046362 , 250.68208688 , -7.97934366 , -0.41527675 , -0.89775562 , -32.53734744 , 1.893242096572799
845 , -1135.82644383 , -1389.22871548 , 12.38743489 , 8.09117636 , 250.76237895 , -8.35399949 , -0.42757717 , -0.5721477 , -32.57377364 , 1.874902320596222
846 , -1135.82209656 , -1389.17015868 , 12.37015798 , 8.08500768 , 250.72801173 , -8.3367508 , -0.42061171 , -0.58291017 , -32.58091347 , 1.875933165593727
847 , -1135.76461218 , -1388.68805745 , 12.19908482 , 8.0830491 , 250.44586508 , -8.09892723 , -0.46134648 , -0.51454994 , -32.48362636 , 1.900858921436177
0,-1136.06548386,-1388.57126937,12.1499219,8.06366004,250.40279444,-8.53101162,-0.45543379,-0.71083328,-32.66658822,1.9049909597814798
0,-1137.58825435,-1386.70769337,12.14843562,7.99169738,246.81399694,-8.02401366,-0.49352037,-0.47189981,-32.74460908,1.8866820453528241
0,-1138.03217154,-1391.95605461,11.87850948,8.0171399,252.45330819,-8.43687154,-0.475574,-0.46720283,-33.30487695,1.8996752440038525
0,-1137.32849571,-1388.67405395,11.33037875,7.94578872,250.08221309,-7.89403435,-0.49536799,-0.44357746,-32.77435768,1.9000001810215525
0,-1137.66841629,-1388.86785542,10.93740046,7.90263823,250.28642086,-7.68856681,-0.43407176,-0.45992527,-32.78350993,1.899546090635512
0,-1137.80040569,-1392.01180229,12.04927956,8.19582496,252.47864903,-8.72008195,-0.52690157,-0.4725403,-33.49429216,1.9206567837214377
